"Statistiques du marché financier, données du mercredi, Banque du Canada"
"Fréquence : Hebdomadaire"
"Tableau : 10-10-0145-01 (anciennement CANSIM 176-0078)"
"Date de diffusion : 2026-10-02"
"Géographie : Canada"
""
""

"Géographie";"Canada";;;;;;;;;;;;;;;;;;;;;;;;;;;;;;;;;;;;;;;;;;;;;;;;;;;;;;;;;;;;;;;;;;;;;;;;;;;;;;;;;;;;;;;;;;;;;;;;;;;;;;;;;;;;;;;;;;;;;;;;;;;;;;;;;;;;;;;;;;;;;;;;;;;;;;;;;;;;;;;;;;;;;;;;;;;;;;;;;;;;;;;;;;;;;;;;;;;;;;;;;;;;;;;;;;;;;;;;;;;;;;;;;;;;;;;;;;;;;;;;;;;;;;;;;;;;;;;;;;;;;;;;;;;;;;;;;;;;;;;;;;;;;;;;;;;;;;;;;;;;;;;;;;;;;;;;;;;;;;;;;;;;;;;;;;;;;;;;;;;;;;;;;;;;;;;;
"Taux";"1 janvier 2020";"8 janvier 2020";"15 janvier 2020";"22 janvier 2020";"29 janvier 2020";"5 février 2020";"12 février 2020";"19 février 2020";"26 février 2020";"4 mars 2020";"11 mars 2020";"18 mars 2020";"25 mars 2020";"1 avril 2020";"8 avril 2020";"15 avril 2020";"22 avril 2020";"29 avril 2020";"6 mai 2020";"13 mai 2020";"20 mai 2020";"27 mai 2020";"3 juin 2020";"10 juin 2020";"17 juin 2020";"24 juin 2020";"1 juillet 2020";"8 juillet 2020";"15 juillet 2020";"22 juillet 2020";"29 juillet 2020";"5 août 2020";"12 août 2020";"19 août 2020";"26 août 2020";"2 septembre 2020";"9 septembre 2020";"16 septembre 2020";"23 septembre 2020";"30 septembre 2020";"7 octobre 2020";"14 octobre 2020";"21 octobre 2020";"28 octobre 2020";"4 novembre 2020";"11 novembre 2020";"18 novembre 2020";"25 novembre 2020";"2 décembre 2020";"9 décembre 2020";"16 décembre 2020";"23 décembre 2020";"30 décembre 2020";"6 janvier 2021";"13 janvier 2021";"20 janvier 2021";"27 janvier 2021";"3 février 2021";"10 février 2021";"17 février 2021";"24 février 2021";"3 mars 2021";"10 mars 2021";"17 mars 2021";"24 mars 2021";"31 mars 2021";"7 avril 2021";"14 avril 2021";"21 avril 2021";"28 avril 2021";"5 mai 2021";"12 mai 2021";"19 mai 2021";"26 mai 2021";"2 juin 2021";"9 juin 2021";"16 juin 2021";"23 juin 2021";"30 juin 2021";"7 juillet 2021";"14 juillet 2021";"21 juillet 2021";"28 juillet 2021";"4 août 2021";"11 août 2021";"18 août 2021";"25 août 2021";"1 septembre 2021";"8 septembre 2021";"15 septembre 2021";"22 septembre 2021";"29 septembre 2021";"6 octobre 2021";"13 octobre 2021";"20 octobre 2021";"27 octobre 2021";"3 novembre 2021";"10 novembre 2021";"17 novembre 2021";"24 novembre 2021";"1 décembre 2021";"8 décembre 2021";"15 décembre 2021";"22 décembre 2021";"29 décembre 2021";"5 janvier 2022";"12 janvier 2022";"19 janvier 2022";"26 janvier 2022";"2 février 2022";"9 février 2022";"16 février 2022";"23 février 2022";"2 mars 2022";"9 mars 2022";"16 mars 2022";"23 mars 2022";"30 mars 2022";"6 avril 2022";"13 avril 2022";"20 avril 2022";"27 avril 2022";"4 mai 2022";"11 mai 2022";"18 mai 2022";"25 mai 2022";"1 juin 2022";"8 juin 2022";"15 juin 2022";"22 juin 2022";"29 juin 2022";"6 juillet 2022";"13 juillet 2022";"20 juillet 2022";"27 juillet 2022";"3 août 2022";"10 août 2022";"17 août 2022";"24 août 2022";"31 août 2022";"7 septembre 2022";"14 septembre 2022";"21 septembre 2022";"28 septembre 2022";"5 octobre 2022";"12 octobre 2022";"19 octobre 2022";"26 octobre 2022";"2 novembre 2022";"9 novembre 2022";"16 novembre 2022";"23 novembre 2022";"30 novembre 2022";"7 décembre 2022";"14 décembre 2022";"21 décembre 2022";"28 décembre 2022";"4 janvier 2023";"11 janvier 2023";"18 janvier 2023";"25 janvier 2023";"1 février 2023";"8 février 2023";"15 février 2023";"22 février 2023";"1 mars 2023";"8 mars 2023";"15 mars 2023";"22 mars 2023";"29 mars 2023";"5 avril 2023";"12 avril 2023";"19 avril 2023";"26 avril 2023";"3 mai 2023";"10 mai 2023";"17 mai 2023";"24 mai 2023";"31 mai 2023";"7 juin 2023";"14 juin 2023";"21 juin 2023";"28 juin 2023";"5 juillet 2023";"12 juillet 2023";"19 juillet 2023";"26 juillet 2023";"2 août 2023";"9 août 2023";"16 août 2023";"23 août 2023";"30 août 2023";"6 septembre 2023";"13 septembre 2023";"20 septembre 2023";"27 septembre 2023";"4 octobre 2023";"11 octobre 2023";"18 octobre 2023";"25 octobre 2023";"1 novembre 2023";"8 novembre 2023";"15 novembre 2023";"22 novembre 2023";"29 novembre 2023";"6 décembre 2023";"13 décembre 2023";"20 décembre 2023";"27 décembre 2023";"3 janvier 2024";"10 janvier 2024";"17 janvier 2024";"24 janvier 2024";"31 janvier 2024";"7 février 2024";"14 février 2024";"21 février 2024";"28 février 2024";"6 mars 2024";"13 mars 2024";"20 mars 2024";"27 mars 2024";"3 avril 2024";"10 avril 2024";"17 avril 2024";"24 avril 2024";"1 mai 2024";"8 mai 2024";"15 mai 2024";"22 mai 2024";"29 mai 2024";"5 juin 2024";"12 juin 2024";"19 juin 2024";"26 juin 2024";"3 juillet 2024";"10 juillet 2024";"17 juillet 2024";"24 juillet 2024";"31 juillet 2024";"7 août 2024";"14 août 2024";"21 août 2024";"28 août 2024";"4 septembre 2024";"11 septembre 2024";"18 septembre 2024";"25 septembre 2024";"2 octobre 2024";"9 octobre 2024";"16 octobre 2024";"23 octobre 2024";"30 octobre 2024";"6 novembre 2024";"13 novembre 2024";"20 novembre 2024";"27 novembre 2024";"4 décembre 2024";"11 décembre 2024";"18 décembre 2024";"25 décembre 2024";"1 janvier 2025";"8 janvier 2025";"15 janvier 2025";"22 janvier 2025";"29 janvier 2025";"5 février 2025";"12 février 2025";"19 février 2025";"26 février 2025";"5 mars 2025";"12 mars 2025";"19 mars 2025";"26 mars 2025";"2 avril 2025";"9 avril 2025";"16 avril 2025";"23 avril 2025";"30 avril 2025";"7 mai 2025";"14 mai 2025";"21 mai 2025";"28 mai 2025";"4 juin 2025";"11 juin 2025";"18 juin 2025";"25 juin 2025";"2 juillet 2025";"9 juillet 2025";"16 juillet 2025";"23 juillet 2025";"30 juillet 2025";"6 août 2025";"13 août 2025";"20 août 2025";"27 août 2025";"3 septembre 2025";"10 septembre 2025";"17 septembre 2025";"24 septembre 2025";"1 octobre 2025";"8 octobre 2025";"15 octobre 2025";"22 octobre 2025";"29 octobre 2025";"5 novembre 2025";"12 novembre 2025";"19 novembre 2025";"26 novembre 2025";"3 décembre 2025";"10 décembre 2025";"17 décembre 2025";"24 décembre 2025";"31 décembre 2025";"7 janvier 2026";"14 janvier 2026";"21 janvier 2026";"28 janvier 2026";"4 février 2026";"11 février 2026";"18 février 2026";"25 février 2026";"4 mars 2026";"11 mars 2026";"18 mars 2026";"25 mars 2026";"1 avril 2026";"8 avril 2026";"15 avril 2026";"22 avril 2026";"29 avril 2026";"6 mai 2026";"13 mai 2026";"20 mai 2026";"27 mai 2026";"3 juin 2026";"10 juin 2026";"17 juin 2026";"24 juin 2026";"1 juillet 2026";"8 juillet 2026";"15 juillet 2026";"22 juillet 2026";"29 juillet 2026";"5 août 2026";"12 août 2026";"19 août 2026";"26 août 2026";"2 septembre 2026";"9 septembre 2026";"16 septembre 2026";"23 septembre 2026";"30 septembre 2026"
;"Pourcent";;;;;;;;;;;;;;;;;;;;;;;;;;;;;;;;;;;;;;;;;;;;;;;;;;;;;;;;;;;;;;;;;;;;;;;;;;;;;;;;;;;;;;;;;;;;;;;;;;;;;;;;;;;;;;;;;;;;;;;;;;;;;;;;;;;;;;;;;;;;;;;;;;;;;;;;;;;;;;;;;;;;;;;;;;;;;;;;;;;;;;;;;;;;;;;;;;;;;;;;;;;;;;;;;;;;;;;;;;;;;;;;;;;;;;;;;;;;;;;;;;;;;;;;;;;;;;;;;;;;;;;;;;;;;;;;;;;;;;;;;;;;;;;;;;;;;;;;;;;;;;;;;;;;;;;;;;;;;;;;;;;;;;;;;;;;;;;;;;;;;;;;;;;;;;;;
"Taux officiel d'escompte";"2,00";"2,00";"2,00";"2,00";"2,00";"2,00";"2,00";"2,00";"2,00";"1,50";"1,50";"1,00";"1,00";"0,50";"0,50";"0,50";"0,50";"0,50";"0,50";"0,50";"0,50";"0,50";"0,50";"0,50";"0,50";"0,50";"0,50";"0,50";"0,50";"0,50";"0,50";"0,50";"0,50";"0,50";"0,50";"0,50";"0,50";"0,50";"0,50";"0,50";"0,50";"0,50";"0,50";"0,50";"0,50";"0,50";"0,50";"0,50";"0,50";"0,50";"0,50";"0,50";"0,50";"0,50";"0,50";"0,50";"0,50";"0,50";"0,50";"0,50";"0,50";"0,50";"0,50";"0,50";"0,50";"0,50";"0,50";"0,50";"0,50";"0,50";"0,50";"0,50";"0,50";"0,50";"0,50";"0,50";"0,50";"0,50";"0,50";"0,50";"0,50";"0,50";"0,50";"0,50";"0,50";"0,50";"0,50";"0,50";"0,50";"0,50";"0,50";"0,50";"0,50";"0,50";"0,50";"0,50";"0,50";"0,50";"0,50";"0,50";"0,50";"0,50";"0,50";"0,50";"0,50";"0,50";"0,50";"0,50";"0,50";"0,50";"0,50";"0,50";"0,50";"0,50";"0,75";"0,75";"0,75";"0,75";"0,75";"0,75";"1,25";"1,25";"1,25";"1,25";"1,25";"1,25";"1,25";"1,75";"1,75";"1,75";"1,75";"1,75";"1,75";"2,75";"2,75";"2,75";"2,75";"2,75";"2,75";"2,75";"2,75";"3,50";"3,50";"3,50";"3,50";"3,50";"3,50";"3,50";"4,00";"4,00";"4,00";"4,00";"4,00";"4,00";"4,50";"4,50";"4,50";"4,50";"4,50";"4,50";"4,50";"4,75";"4,75";"4,75";"4,75";"4,75";"4,75";"4,75";"4,75";"4,75";"4,75";"4,75";"4,75";"4,75";"4,75";"4,75";"4,75";"4,75";"4,75";"4,75";"5,00";"5,00";"5,00";"5,00";"5,00";"5,25";"5,25";"5,25";"5,25";"5,25";"5,25";"5,25";"5,25";"5,25";"5,25";"5,25";"5,25";"5,25";"5,25";"5,25";"5,25";"5,25";"5,25";"5,25";"5,25";"5,25";"5,25";"5,25";"5,25";"5,25";"5,25";"5,25";"5,25";"5,25";"5,25";"5,25";"5,25";"5,25";"5,25";"5,25";"5,25";"5,25";"5,25";"5,25";"5,25";"5,25";"5,25";"5,25";"5,25";"5,25";"5,25";"5,25";"5,00";"5,00";"5,00";"5,00";"5,00";"5,00";"5,00";"4,75";"4,75";"4,75";"4,75";"4,75";"4,75";"4,50";"4,50";"4,50";"4,50";"4,50";"4,50";"4,50";"4,00";"4,00";"4,00";"4,00";"4,00";"4,00";"4,00";"3,50";"3,50";"3,50";"3,50";"3,50";"3,50";"3,50";"3,25";"3,25";"3,25";"3,25";"3,25";"3,25";"3,00";"3,00";"3,00";"3,00";"3,00";"3,00";"3,00";"3,00";"3,00";"3,00";"3,00";"3,00";"3,00";"3,00";"3,00";"3,00";"3,00";"3,00";"3,00";"3,00";"3,00";"3,00";"3,00";"3,00";"3,00";"3,00";"3,00";"2,75";"2,75";"2,75";"2,75";"2,75";"2,75";"2,50";"2,50";"2,50";"2,50";"2,50";"2,50";"2,50";"2,50";"2,50";"2,50";"2,50";"2,50";"2,50";"2,50";"2,50";"2,50";"2,50";"2,50";"2,50";"2,50";"2,50";"2,50";"2,50";"2,50";"2,50";"2,50";"2,50";"2,50";"2,50";"2,50";"2,50";"2,50";"2,50";"2,50";"2,50";"2,50";"2,50";"2,50";"2,50";"2,50";"2,50";"2,50";"2,50";"2,50";"2,50";"2,50";"2,50";"2,50"
"Taux d’intérêt administrés des banques à charte - Taux préférentiel 1";"3,95";"3,95";"3,95";"3,95";"3,95";"3,95";"3,95";"3,95";"3,95";"3,95";"3,45";"2,95";"2,95";"2,45";"2,45";"2,45";"2,45";"2,45";"2,45";"2,45";"2,45";"2,45";"2,45";"2,45";"2,45";"2,45";"2,45";"2,45";"2,45";"2,45";"2,45";"2,45";"2,45";"2,45";"2,45";"2,45";"2,45";"2,45";"2,45";"2,45";"2,45";"2,45";"2,45";"2,45";"2,45";"2,45";"2,45";"2,45";"2,45";"2,45";"2,45";"2,45";"2,45";"2,45";"2,45";"2,45";"2,45";"2,45";"2,45";"2,45";"2,45";"2,45";"2,45";"2,45";"2,45";"2,45";"2,45";"2,45";"2,45";"2,45";"2,45";"2,45";"2,45";"2,45";"2,45";"2,45";"2,45";"2,45";"2,45";"2,45";"2,45";"2,45";"2,45";"2,45";"2,45";"2,45";"2,45";"2,45";"2,45";"2,45";"2,45";"2,45";"2,45";"2,45";"2,45";"2,45";"2,45";"2,45";"2,45";"2,45";"2,45";"2,45";"2,45";"2,45";"2,45";"2,45";"2,45";"2,45";"2,45";"2,45";"2,45";"2,45";"2,45";"2,45";"2,70";"2,70";"2,70";"2,70";"2,70";"2,70";"3,20";"3,20";"3,20";"3,20";"3,20";"3,20";"3,20";"3,70";"3,70";"3,70";"3,70";"3,70";"3,70";"4,70";"4,70";"4,70";"4,70";"4,70";"4,70";"4,70";"4,70";"5,45";"5,45";"5,45";"5,45";"5,45";"5,45";"5,45";"5,95";"5,95";"5,95";"5,95";"5,95";"5,95";"6,45";"6,45";"6,45";"6,45";"6,45";"6,45";"6,45";"6,70";"6,70";"6,70";"6,70";"6,70";"6,70";"6,70";"6,70";"6,70";"6,70";"6,70";"6,70";"6,70";"6,70";"6,70";"6,70";"6,70";"6,70";"6,70";"6,95";"6,95";"6,95";"6,95";"6,95";"7,20";"7,20";"7,20";"7,20";"7,20";"7,20";"7,20";"7,20";"7,20";"7,20";"7,20";"7,20";"7,20";"7,20";"7,20";"7,20";"7,20";"7,20";"7,20";"7,20";"7,20";"7,20";"7,20";"7,20";"7,20";"7,20";"7,20";"7,20";"7,20";"7,20";"7,20";"7,20";"7,20";"7,20";"7,20";"7,20";"7,20";"7,20";"7,20";"7,20";"7,20";"7,20";"7,20";"7,20";"7,20";"7,20";"7,20";"6,95";"6,95";"6,95";"6,95";"6,95";"6,95";"6,95";"6,70";"6,70";"6,70";"6,70";"6,70";"6,70";"6,45";"6,45";"6,45";"6,45";"6,45";"6,45";"6,45";"5,95";"5,95";"5,95";"5,95";"5,95";"5,95";"5,95";"5,45";"5,45";"5,45";"5,45";"5,45";"5,45";"5,45";"5,20";"5,20";"5,20";"5,20";"5,20";"5,20";"4,95";"4,95";"4,95";"4,95";"4,95";"4,95";"4,95";"4,95";"4,95";"4,95";"4,95";"4,95";"4,95";"4,95";"4,95";"4,95";"4,95";"4,95";"4,95";"4,95";"4,95";"4,95";"4,95";"4,95";"4,95";"4,95";"4,95";"4,70";"4,70";"4,70";"4,70";"4,70";"4,70";"4,45";"4,45";"4,45";"4,45";"4,45";"4,45";"4,45";"4,45";"4,45";"4,45";"4,45";"4,45";"4,45";"4,45";"4,45";"4,45";"4,45";"4,45";"4,45";"4,45";"4,45";"4,45";"4,45";"4,45";"4,45";"4,45";"4,45";"4,45";"4,45";"4,45";"4,45";"4,45";"4,45";"4,45";"4,45";"4,45";"4,45";"4,45";"4,45";"4,45";"4,45";"4,45";"4,45";"4,45";"4,45";"4,45";"4,45";"4,45"
"Banques à charte - taux des prêts à la consommation (Terminé) 1 2";"9,49t";"9,49t";"9,49t";"9,49t";"9,49t";"9,49t";"9,49t";"9,49t";"9,49t";"9,49t";"9,49t";"9,49t";"9,49t";"9,49t";"9,49t";"9,49t";"9,49t";"9,49t";"8,03t";"8,03t";"8,03t";"8,03t";"8,03t";"8,03t";"8,03t";"8,03t";"8,03t";"8,03t";"8,03t";"8,03t";"8,03t";"8,03t";"8,03t";"8,03t";"8,03t";"8,03t";"8,03t";"8,03t";"8,03t";"8,03t";"8,03t";"8,03t";"8,03t";"8,03t";"8,03t";"8,03t";"8,03t";"8,03t";"8,03t";"8,03t";"8,03t";"8,03t";"8,03t";"7,70t";"7,70t";"7,70t";"7,70t";"7,70t";"7,70t";"7,70t";"7,70t";"7,70t";"7,70t";"7,70t";"7,70t";"7,70t";"7,70t";"7,70t";"7,70t";"7,70t";"7,70t";"7,70t";"7,70t";"7,70t";"7,70t";"7,70t";"7,70t";"7,70t";"7,70t";"7,70t";"7,70t";"7,70t";"7,70t";"7,70t";"7,70t";"7,70t";"7,70t";"7,70t";"7,70t";"7,70t";"7,70t";"7,70t";"7,70t";"7,70t";"7,70t";"7,70t";"7,70t";"7,70t";"7,70t";"7,70t";"7,70t";"7,70t";"7,70t";"7,70t";"7,70t";"7,70t";"7,70t";"7,70t";"7,70t";"7,70t";"7,70t";"7,70t";"7,70t";"7,70t";"7,70t";"7,70t";"7,70t";"7,70t";"7,70t";"7,70t";"7,70t";"8,30t";"8,30t";"8,30t";"9,49t";"9,49t";"8,70t";"8,70t";"8,70t";"8,70t";"8,70t";"8,70t";"10,00t";"10,00t";"9,75t";"10,05t";"10,00t";"10,00t";"10,00t";"10,00t";"10,00t";"10,00t";"10,00t";"10,00t";"10,00t";"10,00t";"10,00t";"10,00t";"10,00t";"10,00t";"10,00t";"10,00t";"10,00t";"10,00t";"10,00t";"10,00t";"10,00t";"10,00t";"10,00t";"10,00t";"10,00t";"11,75t";"11,75t";"11,75t";"11,75t";"11,75t";"12,00t";"12,00t";"12,00t";"12,00t";"12,00t";"12,00t";"12,00t";"12,00t";"12,00t";"12,00t";"12,00t";"12,00t";"12,00t";"12,00t";"12,00t";"12,00t";"12,00t";"12,00t";"12,00t";"12,00t";"12,00t";"..t";"..t";"..t";"..t";"..t";"..t";"..t";"..t";"..t";"..t";"..t";"..t";"..t";"..t";"..t";"..t";"..t";"..t";"..t";"..t";"..t";"..t";"..t";"..t";"..t";"..t";"..t";"..t";"..t";"..t";"..t";"..t";"..t";"..t";"..t";"..t";"..t";"..t";"..t";"..t";"..t";"..t";"..t";"..t";"..t";"..t";"..t";"..t";"..t";"..t";"..t";"..t";"..t";"..t";"..t";"..t";"..t";"..t";"..t";"..t";"..t";"..t";"..t";"..t";"..t";"..t";"..t";"..t";"..t";"..t";"..t";"..t";"..t";"..t";"..t";"..t";"..t";"..t";"..t";"..t";"..t";"..t";"..t";"..t";"..t";"..t";"..t";"..t";"..t";"..t";"..t";"..t";"..t";"..t";"..t";"..t";"..t";"..t";"..t";"..t";"..t";"..t";"..t";"..t";"..t";"..t";"..t";"..t";"..t";"..t";"..t";"..t";"..t";"..t";"..t";"..t";"..t";"..t";"..t";"..t";"..t";"..t";"..t";"..t";"..t";"..t";"..t";"..t";"..t";"..t";"..t";"..t";"..t";"..t";"..t";"..t";"..t";"..t";"..t";"..t";"..t";"..t";"..t";"..t";"..t";"..t";"..t";"..t";"..t";"..t";"..t";"..t";"..t";"..t";"..t";"..t";"..t";"..t";"..t";"..t";"..t";"..t";"..t";"..t";"..t";"..t"
"Report ou déport (-) sur le dollar États-Unis au Canada : à 1 mois (Terminé)";"..t";"..t";"..t";"..t";"..t";"..t";"..t";"..t";"..t";"..t";"..t";"..t";"..t";"..t";"..t";"..t";"..t";"..t";"..t";"..t";"..t";"..t";"..t";"..t";"..t";"..t";"..t";"..t";"..t";"..t";"..t";"..t";"..t";"..t";"..t";"..t";"..t";"..t";"..t";"..t";"..t";"..t";"..t";"..t";"..t";"..t";"..t";"..t";"..t";"..t";"..t";"..t";"..t";"..t";"..t";"..t";"..t";"..t";"..t";"..t";"..t";"..t";"..t";"..t";"..t";"..t";"..t";"..t";"..t";"..t";"..t";"..t";"..t";"..t";"..t";"..t";"..t";"..t";"..t";"..t";"..t";"..t";"..t";"..t";"..t";"..t";"..t";"..t";"..t";"..t";"..t";"..t";"..t";"..t";"..t";"..t";"..t";"..t";"..t";"..t";"..t";"..t";"..t";"..t";"..t";"..t";"..t";"..t";"..t";"..t";"..t";"..t";"..t";"..t";"..t";"..t";"..t";"..t";"..t";"..t";"..t";"..t";"..t";"..t";"..t";"..t";"..t";"..t";"..t";"..t";"..t";"..t";"..t";"..t";"..t";"..t";"..t";"..t";"..t";"..t";"..t";"..t";"..t";"..t";"..t";"..t";"..t";"..t";"..t";"..t";"..t";"..t";"..t";"..t";"..t";"..t";"..t";"..t";"..t";"..t";"..t";"..t";"..t";"..t";"..t";"..t";"..t";"..t";"..t";"..t";"..t";"..t";"..t";"..t";"..t";"..t";"..t";"..t";"..t";"..t";"..t";"..t";"..t";"..t";"..t";"..t";"..t";"..t";"..t";"..t";"..t";"..t";"..t";"..t";"..t";"..t";"..t";"..t";"..t";"..t";"..t";"..t";"..t";"..t";"..t";"..t";"..t";"..t";"..t";"..t";"..t";"..t";"..t";"..t";"..t";"..t";"..t";"..t";"..t";"..t";"..t";"..t";"..t";"..t";"..t";"..t";"..t";"..t";"..t";"..t";"..t";"..t";"..t";"..t";"..t";"..t";"..t";"..t";"..t";"..t";"..t";"..t";"..t";"..t";"..t";"..t";"..t";"..t";"..t";"..t";"..t";"..t";"..t";"..t";"..t";"..t";"..t";"..t";"..t";"..t";"..t";"..t";"..t";"..t";"..t";"..t";"..t";"..t";"..t";"..t";"..t";"..t";"..t";"..t";"..t";"..t";"..t";"..t";"..t";"..t";"..t";"..t";"..t";"..t";"..t";"..t";"..t";"..t";"..t";"..t";"..t";"..t";"..t";"..t";"..t";"..t";"..t";"..t";"..t";"..t";"..t";"..t";"..t";"..t";"..t";"..t";"..t";"..t";"..t";"..t";"..t";"..t";"..t";"..t";"..t";"..t";"..t";"..t";"..t";"..t";"..t";"..t";"..t";"..t";"..t";"..t";"..t";"..t";"..t";"..t";"..t";"..t";"..t";"..t";"..t";"..t";"..t";"..t";"..t";"..t";"..t";"..t";"..t";"..t";"..t";"..t";"..t";"..t";"..t";"..t";"..t";"..t";"..t"
"Report ou déport (-) sur le dollar États-Unis au Canada : à 3 mois (Terminé)";"..t";"..t";"..t";"..t";"..t";"..t";"..t";"..t";"..t";"..t";"..t";"..t";"..t";"..t";"..t";"..t";"..t";"..t";"..t";"..t";"..t";"..t";"..t";"..t";"..t";"..t";"..t";"..t";"..t";"..t";"..t";"..t";"..t";"..t";"..t";"..t";"..t";"..t";"..t";"..t";"..t";"..t";"..t";"..t";"..t";"..t";"..t";"..t";"..t";"..t";"..t";"..t";"..t";"..t";"..t";"..t";"..t";"..t";"..t";"..t";"..t";"..t";"..t";"..t";"..t";"..t";"..t";"..t";"..t";"..t";"..t";"..t";"..t";"..t";"..t";"..t";"..t";"..t";"..t";"..t";"..t";"..t";"..t";"..t";"..t";"..t";"..t";"..t";"..t";"..t";"..t";"..t";"..t";"..t";"..t";"..t";"..t";"..t";"..t";"..t";"..t";"..t";"..t";"..t";"..t";"..t";"..t";"..t";"..t";"..t";"..t";"..t";"..t";"..t";"..t";"..t";"..t";"..t";"..t";"..t";"..t";"..t";"..t";"..t";"..t";"..t";"..t";"..t";"..t";"..t";"..t";"..t";"..t";"..t";"..t";"..t";"..t";"..t";"..t";"..t";"..t";"..t";"..t";"..t";"..t";"..t";"..t";"..t";"..t";"..t";"..t";"..t";"..t";"..t";"..t";"..t";"..t";"..t";"..t";"..t";"..t";"..t";"..t";"..t";"..t";"..t";"..t";"..t";"..t";"..t";"..t";"..t";"..t";"..t";"..t";"..t";"..t";"..t";"..t";"..t";"..t";"..t";"..t";"..t";"..t";"..t";"..t";"..t";"..t";"..t";"..t";"..t";"..t";"..t";"..t";"..t";"..t";"..t";"..t";"..t";"..t";"..t";"..t";"..t";"..t";"..t";"..t";"..t";"..t";"..t";"..t";"..t";"..t";"..t";"..t";"..t";"..t";"..t";"..t";"..t";"..t";"..t";"..t";"..t";"..t";"..t";"..t";"..t";"..t";"..t";"..t";"..t";"..t";"..t";"..t";"..t";"..t";"..t";"..t";"..t";"..t";"..t";"..t";"..t";"..t";"..t";"..t";"..t";"..t";"..t";"..t";"..t";"..t";"..t";"..t";"..t";"..t";"..t";"..t";"..t";"..t";"..t";"..t";"..t";"..t";"..t";"..t";"..t";"..t";"..t";"..t";"..t";"..t";"..t";"..t";"..t";"..t";"..t";"..t";"..t";"..t";"..t";"..t";"..t";"..t";"..t";"..t";"..t";"..t";"..t";"..t";"..t";"..t";"..t";"..t";"..t";"..t";"..t";"..t";"..t";"..t";"..t";"..t";"..t";"..t";"..t";"..t";"..t";"..t";"..t";"..t";"..t";"..t";"..t";"..t";"..t";"..t";"..t";"..t";"..t";"..t";"..t";"..t";"..t";"..t";"..t";"..t";"..t";"..t";"..t";"..t";"..t";"..t";"..t";"..t";"..t";"..t";"..t";"..t";"..t";"..t";"..t";"..t";"..t";"..t";"..t";"..t";"..t";"..t";"..t";"..t";"..t";"..t"
"Taux du papier de premier choix des sociétés non financières : à 1 mois (Terminé) 3 4";"..t";"..t";"..t";"..t";"..t";"..t";"..t";"..t";"..t";"..t";"..t";"..t";"..t";"..t";"..t";"..t";"..t";"..t";"..t";"..t";"..t";"..t";"..t";"..t";"..t";"..t";"..t";"..t";"..t";"..t";"..t";"..t";"..t";"..t";"..t";"..t";"..t";"..t";"..t";"..t";"..t";"..t";"..t";"..t";"..t";"..t";"..t";"..t";"..t";"..t";"..t";"..t";"..t";"..t";"..t";"..t";"..t";"..t";"..t";"..t";"..t";"..t";"..t";"..t";"..t";"..t";"..t";"..t";"..t";"..t";"..t";"..t";"..t";"..t";"..t";"..t";"..t";"..t";"..t";"..t";"..t";"..t";"..t";"..t";"..t";"..t";"..t";"..t";"..t";"..t";"..t";"..t";"..t";"..t";"..t";"..t";"..t";"..t";"..t";"..t";"..t";"..t";"..t";"..t";"..t";"..t";"..t";"..t";"..t";"..t";"..t";"..t";"..t";"..t";"..t";"..t";"..t";"..t";"..t";"..t";"..t";"..t";"..t";"..t";"..t";"..t";"..t";"..t";"..t";"..t";"..t";"..t";"..t";"..t";"..t";"..t";"..t";"..t";"..t";"..t";"..t";"..t";"..t";"..t";"..t";"..t";"..t";"..t";"..t";"..t";"..t";"..t";"..t";"..t";"..t";"..t";"..t";"..t";"..t";"..t";"..t";"..t";"..t";"..t";"..t";"..t";"..t";"..t";"..t";"..t";"..t";"..t";"..t";"..t";"..t";"..t";"..t";"..t";"..t";"..t";"..t";"..t";"..t";"..t";"..t";"..t";"..t";"..t";"..t";"..t";"..t";"..t";"..t";"..t";"..t";"..t";"..t";"..t";"..t";"..t";"..t";"..t";"..t";"..t";"..t";"..t";"..t";"..t";"..t";"..t";"..t";"..t";"..t";"..t";"..t";"..t";"..t";"..t";"..t";"..t";"..t";"..t";"..t";"..t";"..t";"..t";"..t";"..t";"..t";"..t";"..t";"..t";"..t";"..t";"..t";"..t";"..t";"..t";"..t";"..t";"..t";"..t";"..t";"..t";"..t";"..t";"..t";"..t";"..t";"..t";"..t";"..t";"..t";"..t";"..t";"..t";"..t";"..t";"..t";"..t";"..t";"..t";"..t";"..t";"..t";"..t";"..t";"..t";"..t";"..t";"..t";"..t";"..t";"..t";"..t";"..t";"..t";"..t";"..t";"..t";"..t";"..t";"..t";"..t";"..t";"..t";"..t";"..t";"..t";"..t";"..t";"..t";"..t";"..t";"..t";"..t";"..t";"..t";"..t";"..t";"..t";"..t";"..t";"..t";"..t";"..t";"..t";"..t";"..t";"..t";"..t";"..t";"..t";"..t";"..t";"..t";"..t";"..t";"..t";"..t";"..t";"..t";"..t";"..t";"..t";"..t";"..t";"..t";"..t";"..t";"..t";"..t";"..t";"..t";"..t";"..t";"..t";"..t";"..t";"..t";"..t";"..t";"..t";"..t";"..t";"..t";"..t";"..t";"..t";"..t";"..t";"..t";"..t"
"Taux du papier de premier choix des sociétés non financières : à 2 mois (Terminé) 3 4";"..t";"..t";"..t";"..t";"..t";"..t";"..t";"..t";"..t";"..t";"..t";"..t";"..t";"..t";"..t";"..t";"..t";"..t";"..t";"..t";"..t";"..t";"..t";"..t";"..t";"..t";"..t";"..t";"..t";"..t";"..t";"..t";"..t";"..t";"..t";"..t";"..t";"..t";"..t";"..t";"..t";"..t";"..t";"..t";"..t";"..t";"..t";"..t";"..t";"..t";"..t";"..t";"..t";"..t";"..t";"..t";"..t";"..t";"..t";"..t";"..t";"..t";"..t";"..t";"..t";"..t";"..t";"..t";"..t";"..t";"..t";"..t";"..t";"..t";"..t";"..t";"..t";"..t";"..t";"..t";"..t";"..t";"..t";"..t";"..t";"..t";"..t";"..t";"..t";"..t";"..t";"..t";"..t";"..t";"..t";"..t";"..t";"..t";"..t";"..t";"..t";"..t";"..t";"..t";"..t";"..t";"..t";"..t";"..t";"..t";"..t";"..t";"..t";"..t";"..t";"..t";"..t";"..t";"..t";"..t";"..t";"..t";"..t";"..t";"..t";"..t";"..t";"..t";"..t";"..t";"..t";"..t";"..t";"..t";"..t";"..t";"..t";"..t";"..t";"..t";"..t";"..t";"..t";"..t";"..t";"..t";"..t";"..t";"..t";"..t";"..t";"..t";"..t";"..t";"..t";"..t";"..t";"..t";"..t";"..t";"..t";"..t";"..t";"..t";"..t";"..t";"..t";"..t";"..t";"..t";"..t";"..t";"..t";"..t";"..t";"..t";"..t";"..t";"..t";"..t";"..t";"..t";"..t";"..t";"..t";"..t";"..t";"..t";"..t";"..t";"..t";"..t";"..t";"..t";"..t";"..t";"..t";"..t";"..t";"..t";"..t";"..t";"..t";"..t";"..t";"..t";"..t";"..t";"..t";"..t";"..t";"..t";"..t";"..t";"..t";"..t";"..t";"..t";"..t";"..t";"..t";"..t";"..t";"..t";"..t";"..t";"..t";"..t";"..t";"..t";"..t";"..t";"..t";"..t";"..t";"..t";"..t";"..t";"..t";"..t";"..t";"..t";"..t";"..t";"..t";"..t";"..t";"..t";"..t";"..t";"..t";"..t";"..t";"..t";"..t";"..t";"..t";"..t";"..t";"..t";"..t";"..t";"..t";"..t";"..t";"..t";"..t";"..t";"..t";"..t";"..t";"..t";"..t";"..t";"..t";"..t";"..t";"..t";"..t";"..t";"..t";"..t";"..t";"..t";"..t";"..t";"..t";"..t";"..t";"..t";"..t";"..t";"..t";"..t";"..t";"..t";"..t";"..t";"..t";"..t";"..t";"..t";"..t";"..t";"..t";"..t";"..t";"..t";"..t";"..t";"..t";"..t";"..t";"..t";"..t";"..t";"..t";"..t";"..t";"..t";"..t";"..t";"..t";"..t";"..t";"..t";"..t";"..t";"..t";"..t";"..t";"..t";"..t";"..t";"..t";"..t";"..t";"..t";"..t";"..t";"..t";"..t";"..t";"..t";"..t";"..t";"..t";"..t";"..t";"..t";"..t";"..t";"..t"
"Taux du papier de premier choix des sociétés non financières : à 3 mois (Terminé) 3 4";"..t";"..t";"..t";"..t";"..t";"..t";"..t";"..t";"..t";"..t";"..t";"..t";"..t";"..t";"..t";"..t";"..t";"..t";"..t";"..t";"..t";"..t";"..t";"..t";"..t";"..t";"..t";"..t";"..t";"..t";"..t";"..t";"..t";"..t";"..t";"..t";"..t";"..t";"..t";"..t";"..t";"..t";"..t";"..t";"..t";"..t";"..t";"..t";"..t";"..t";"..t";"..t";"..t";"..t";"..t";"..t";"..t";"..t";"..t";"..t";"..t";"..t";"..t";"..t";"..t";"..t";"..t";"..t";"..t";"..t";"..t";"..t";"..t";"..t";"..t";"..t";"..t";"..t";"..t";"..t";"..t";"..t";"..t";"..t";"..t";"..t";"..t";"..t";"..t";"..t";"..t";"..t";"..t";"..t";"..t";"..t";"..t";"..t";"..t";"..t";"..t";"..t";"..t";"..t";"..t";"..t";"..t";"..t";"..t";"..t";"..t";"..t";"..t";"..t";"..t";"..t";"..t";"..t";"..t";"..t";"..t";"..t";"..t";"..t";"..t";"..t";"..t";"..t";"..t";"..t";"..t";"..t";"..t";"..t";"..t";"..t";"..t";"..t";"..t";"..t";"..t";"..t";"..t";"..t";"..t";"..t";"..t";"..t";"..t";"..t";"..t";"..t";"..t";"..t";"..t";"..t";"..t";"..t";"..t";"..t";"..t";"..t";"..t";"..t";"..t";"..t";"..t";"..t";"..t";"..t";"..t";"..t";"..t";"..t";"..t";"..t";"..t";"..t";"..t";"..t";"..t";"..t";"..t";"..t";"..t";"..t";"..t";"..t";"..t";"..t";"..t";"..t";"..t";"..t";"..t";"..t";"..t";"..t";"..t";"..t";"..t";"..t";"..t";"..t";"..t";"..t";"..t";"..t";"..t";"..t";"..t";"..t";"..t";"..t";"..t";"..t";"..t";"..t";"..t";"..t";"..t";"..t";"..t";"..t";"..t";"..t";"..t";"..t";"..t";"..t";"..t";"..t";"..t";"..t";"..t";"..t";"..t";"..t";"..t";"..t";"..t";"..t";"..t";"..t";"..t";"..t";"..t";"..t";"..t";"..t";"..t";"..t";"..t";"..t";"..t";"..t";"..t";"..t";"..t";"..t";"..t";"..t";"..t";"..t";"..t";"..t";"..t";"..t";"..t";"..t";"..t";"..t";"..t";"..t";"..t";"..t";"..t";"..t";"..t";"..t";"..t";"..t";"..t";"..t";"..t";"..t";"..t";"..t";"..t";"..t";"..t";"..t";"..t";"..t";"..t";"..t";"..t";"..t";"..t";"..t";"..t";"..t";"..t";"..t";"..t";"..t";"..t";"..t";"..t";"..t";"..t";"..t";"..t";"..t";"..t";"..t";"..t";"..t";"..t";"..t";"..t";"..t";"..t";"..t";"..t";"..t";"..t";"..t";"..t";"..t";"..t";"..t";"..t";"..t";"..t";"..t";"..t";"..t";"..t";"..t";"..t";"..t";"..t";"..t";"..t";"..t";"..t";"..t";"..t";"..t";"..t";"..t";"..t"
"Acceptations bancaires : à 1 mois (Terminé) 4 5";"..t";"..t";"..t";"..t";"..t";"..t";"..t";"..t";"..t";"..t";"..t";"..t";"..t";"..t";"..t";"..t";"..t";"..t";"..t";"..t";"..t";"..t";"..t";"..t";"..t";"..t";"..t";"..t";"..t";"..t";"..t";"..t";"..t";"..t";"..t";"..t";"..t";"..t";"..t";"..t";"..t";"..t";"..t";"..t";"..t";"..t";"..t";"..t";"..t";"..t";"..t";"..t";"..t";"..t";"..t";"..t";"..t";"..t";"..t";"..t";"..t";"..t";"..t";"..t";"..t";"..t";"..t";"..t";"..t";"..t";"..t";"..t";"..t";"..t";"..t";"..t";"..t";"..t";"..t";"..t";"..t";"..t";"..t";"..t";"..t";"..t";"..t";"..t";"..t";"..t";"..t";"..t";"..t";"..t";"..t";"..t";"..t";"..t";"..t";"..t";"..t";"..t";"..t";"..t";"..t";"..t";"..t";"..t";"..t";"..t";"..t";"..t";"..t";"..t";"..t";"..t";"..t";"..t";"..t";"..t";"..t";"..t";"..t";"..t";"..t";"..t";"..t";"..t";"..t";"..t";"..t";"..t";"..t";"..t";"..t";"..t";"..t";"..t";"..t";"..t";"..t";"..t";"..t";"..t";"..t";"..t";"..t";"..t";"..t";"..t";"..t";"..t";"..t";"..t";"..t";"..t";"..t";"..t";"..t";"..t";"..t";"..t";"..t";"..t";"..t";"..t";"..t";"..t";"..t";"..t";"..t";"..t";"..t";"..t";"..t";"..t";"..t";"..t";"..t";"..t";"..t";"..t";"..t";"..t";"..t";"..t";"..t";"..t";"..t";"..t";"..t";"..t";"..t";"..t";"..t";"..t";"..t";"..t";"..t";"..t";"..t";"..t";"..t";"..t";"..t";"..t";"..t";"..t";"..t";"..t";"..t";"..t";"..t";"..t";"..t";"..t";"..t";"..t";"..t";"..t";"..t";"..t";"..t";"..t";"..t";"..t";"..t";"..t";"..t";"..t";"..t";"..t";"..t";"..t";"..t";"..t";"..t";"..t";"..t";"..t";"..t";"..t";"..t";"..t";"..t";"..t";"..t";"..t";"..t";"..t";"..t";"..t";"..t";"..t";"..t";"..t";"..t";"..t";"..t";"..t";"..t";"..t";"..t";"..t";"..t";"..t";"..t";"..t";"..t";"..t";"..t";"..t";"..t";"..t";"..t";"..t";"..t";"..t";"..t";"..t";"..t";"..t";"..t";"..t";"..t";"..t";"..t";"..t";"..t";"..t";"..t";"..t";"..t";"..t";"..t";"..t";"..t";"..t";"..t";"..t";"..t";"..t";"..t";"..t";"..t";"..t";"..t";"..t";"..t";"..t";"..t";"..t";"..t";"..t";"..t";"..t";"..t";"..t";"..t";"..t";"..t";"..t";"..t";"..t";"..t";"..t";"..t";"..t";"..t";"..t";"..t";"..t";"..t";"..t";"..t";"..t";"..t";"..t";"..t";"..t";"..t";"..t";"..t";"..t";"..t";"..t";"..t";"..t";"..t";"..t";"..t";"..t";"..t"
"Acceptations bancaires : à 2 mois (Terminé) 4 5";"..t";"..t";"..t";"..t";"..t";"..t";"..t";"..t";"..t";"..t";"..t";"..t";"..t";"..t";"..t";"..t";"..t";"..t";"..t";"..t";"..t";"..t";"..t";"..t";"..t";"..t";"..t";"..t";"..t";"..t";"..t";"..t";"..t";"..t";"..t";"..t";"..t";"..t";"..t";"..t";"..t";"..t";"..t";"..t";"..t";"..t";"..t";"..t";"..t";"..t";"..t";"..t";"..t";"..t";"..t";"..t";"..t";"..t";"..t";"..t";"..t";"..t";"..t";"..t";"..t";"..t";"..t";"..t";"..t";"..t";"..t";"..t";"..t";"..t";"..t";"..t";"..t";"..t";"..t";"..t";"..t";"..t";"..t";"..t";"..t";"..t";"..t";"..t";"..t";"..t";"..t";"..t";"..t";"..t";"..t";"..t";"..t";"..t";"..t";"..t";"..t";"..t";"..t";"..t";"..t";"..t";"..t";"..t";"..t";"..t";"..t";"..t";"..t";"..t";"..t";"..t";"..t";"..t";"..t";"..t";"..t";"..t";"..t";"..t";"..t";"..t";"..t";"..t";"..t";"..t";"..t";"..t";"..t";"..t";"..t";"..t";"..t";"..t";"..t";"..t";"..t";"..t";"..t";"..t";"..t";"..t";"..t";"..t";"..t";"..t";"..t";"..t";"..t";"..t";"..t";"..t";"..t";"..t";"..t";"..t";"..t";"..t";"..t";"..t";"..t";"..t";"..t";"..t";"..t";"..t";"..t";"..t";"..t";"..t";"..t";"..t";"..t";"..t";"..t";"..t";"..t";"..t";"..t";"..t";"..t";"..t";"..t";"..t";"..t";"..t";"..t";"..t";"..t";"..t";"..t";"..t";"..t";"..t";"..t";"..t";"..t";"..t";"..t";"..t";"..t";"..t";"..t";"..t";"..t";"..t";"..t";"..t";"..t";"..t";"..t";"..t";"..t";"..t";"..t";"..t";"..t";"..t";"..t";"..t";"..t";"..t";"..t";"..t";"..t";"..t";"..t";"..t";"..t";"..t";"..t";"..t";"..t";"..t";"..t";"..t";"..t";"..t";"..t";"..t";"..t";"..t";"..t";"..t";"..t";"..t";"..t";"..t";"..t";"..t";"..t";"..t";"..t";"..t";"..t";"..t";"..t";"..t";"..t";"..t";"..t";"..t";"..t";"..t";"..t";"..t";"..t";"..t";"..t";"..t";"..t";"..t";"..t";"..t";"..t";"..t";"..t";"..t";"..t";"..t";"..t";"..t";"..t";"..t";"..t";"..t";"..t";"..t";"..t";"..t";"..t";"..t";"..t";"..t";"..t";"..t";"..t";"..t";"..t";"..t";"..t";"..t";"..t";"..t";"..t";"..t";"..t";"..t";"..t";"..t";"..t";"..t";"..t";"..t";"..t";"..t";"..t";"..t";"..t";"..t";"..t";"..t";"..t";"..t";"..t";"..t";"..t";"..t";"..t";"..t";"..t";"..t";"..t";"..t";"..t";"..t";"..t";"..t";"..t";"..t";"..t";"..t";"..t";"..t";"..t";"..t";"..t";"..t";"..t"
"Acceptations bancaires : à 3 mois (Terminé) 4 5";"..t";"..t";"..t";"..t";"..t";"..t";"..t";"..t";"..t";"..t";"..t";"..t";"..t";"..t";"..t";"..t";"..t";"..t";"..t";"..t";"..t";"..t";"..t";"..t";"..t";"..t";"..t";"..t";"..t";"..t";"..t";"..t";"..t";"..t";"..t";"..t";"..t";"..t";"..t";"..t";"..t";"..t";"..t";"..t";"..t";"..t";"..t";"..t";"..t";"..t";"..t";"..t";"..t";"..t";"..t";"..t";"..t";"..t";"..t";"..t";"..t";"..t";"..t";"..t";"..t";"..t";"..t";"..t";"..t";"..t";"..t";"..t";"..t";"..t";"..t";"..t";"..t";"..t";"..t";"..t";"..t";"..t";"..t";"..t";"..t";"..t";"..t";"..t";"..t";"..t";"..t";"..t";"..t";"..t";"..t";"..t";"..t";"..t";"..t";"..t";"..t";"..t";"..t";"..t";"..t";"..t";"..t";"..t";"..t";"..t";"..t";"..t";"..t";"..t";"..t";"..t";"..t";"..t";"..t";"..t";"..t";"..t";"..t";"..t";"..t";"..t";"..t";"..t";"..t";"..t";"..t";"..t";"..t";"..t";"..t";"..t";"..t";"..t";"..t";"..t";"..t";"..t";"..t";"..t";"..t";"..t";"..t";"..t";"..t";"..t";"..t";"..t";"..t";"..t";"..t";"..t";"..t";"..t";"..t";"..t";"..t";"..t";"..t";"..t";"..t";"..t";"..t";"..t";"..t";"..t";"..t";"..t";"..t";"..t";"..t";"..t";"..t";"..t";"..t";"..t";"..t";"..t";"..t";"..t";"..t";"..t";"..t";"..t";"..t";"..t";"..t";"..t";"..t";"..t";"..t";"..t";"..t";"..t";"..t";"..t";"..t";"..t";"..t";"..t";"..t";"..t";"..t";"..t";"..t";"..t";"..t";"..t";"..t";"..t";"..t";"..t";"..t";"..t";"..t";"..t";"..t";"..t";"..t";"..t";"..t";"..t";"..t";"..t";"..t";"..t";"..t";"..t";"..t";"..t";"..t";"..t";"..t";"..t";"..t";"..t";"..t";"..t";"..t";"..t";"..t";"..t";"..t";"..t";"..t";"..t";"..t";"..t";"..t";"..t";"..t";"..t";"..t";"..t";"..t";"..t";"..t";"..t";"..t";"..t";"..t";"..t";"..t";"..t";"..t";"..t";"..t";"..t";"..t";"..t";"..t";"..t";"..t";"..t";"..t";"..t";"..t";"..t";"..t";"..t";"..t";"..t";"..t";"..t";"..t";"..t";"..t";"..t";"..t";"..t";"..t";"..t";"..t";"..t";"..t";"..t";"..t";"..t";"..t";"..t";"..t";"..t";"..t";"..t";"..t";"..t";"..t";"..t";"..t";"..t";"..t";"..t";"..t";"..t";"..t";"..t";"..t";"..t";"..t";"..t";"..t";"..t";"..t";"..t";"..t";"..t";"..t";"..t";"..t";"..t";"..t";"..t";"..t";"..t";"..t";"..t";"..t";"..t";"..t";"..t";"..t";"..t";"..t";"..t";"..t";"..t";"..t";"..t";"..t"
"Taux des fonds à un jour, moyenne sur 7 jours 6";"1,7480";"1,7488";"1,7484";"1,7477";"1,7487";"1,7484";"1,7487";"1,7493";"1,7485";"1,6776";"1,2493";"1,0331";"0,7406";"0,3447";"0,2479";"0,2383";"0,2226";"0,2341";"0,2304";"0,2208";"0,2240";"0,2379";"0,2433";"0,2412";"0,2362";"0,2327";"0,2414";"0,2425";"0,2452";"0,2447";"0,2407";"0,2429";"0,2409";"0,2386";"0,2337";"0,2365";"0,2357";"0,2302";"0,2280";"0,2181";"0,2342";"0,2316";"0,2306";"0,2337";"0,2231";"0,2125";"0,2259";"0,2336";"0,2269";"0,2136";"0,2051";"0,1918";"0,1741";"0,1586";"0,1984";"0,1832";"0,1826";"0,1932";"0,2108";"0,2185";"0,2143";"0,2085";"0,2093";"0,1952";"0,1554";"0,1529";"0,1459";"0,1545";"0,1712";"0,1669";"0,1693";"0,1705";"0,1848";"0,1872";"0,1972";"0,1858";"0,1897";"0,1818";"0,1873";"0,1884";"0,1923";"0,1900";"0,1930";"0,1891";"0,2055";"0,1852";"0,2026";"0,2095";"0,1898";"0,1878";"0,1873";"0,1824";"0,1921";"0,1904";"0,1995";"0,2025";"0,1991";"0,2055";"0,2118";"0,2078";"0,1864";"0,2003";"0,1474";"0,1314";"0,1274";"0,1494";"0,1852";"0,1890";"0,1811";"0,1602";"0,1642";"0,1725";"0,1754";"0,1821";"0,4237";"0,4256";"0,4262";"0,4403";"0,4350";"0,4393";"0,9384";"0,9208";"0,9304";"0,9452";"0,9514";"0,9486";"0,9501";"1,4554";"1,4547";"1,4508";"1,4479";"1,4471";"1,4537";"2,4595";"2,4656";"2,4658";"2,4800";"2,4907";"2,4834";"2,4812";"2,4727";"3,2237";"3,2277";"3,2130";"3,2294";"3,2415";"3,2387";"3,2348";"3,7383";"3,7415";"3,7367";"3,7389";"3,7477";"3,7428";"4,2493";"4,2493";"4,2498";"4,2598";"4,2407";"4,2354";"4,2451";"4,4971";"4,5018";"4,5030";"4,4764";"4,4931";"4,4922";"4,4882";"4,4891";"4,4968";"4,4931";"4,4927";"4,4908";"4,4924";"4,4931";"4,4919";"4,4927";"4,4938";"4,4929";"4,4944";"4,7443";"4,7408";"4,7363";"4,7294";"4,7418";"4,9938";"4,9915";"4,9937";"4,9921";"4,9931";"4,9942";"4,9970";"4,9967";"4,9914";"4,9936";"4,9906";"4,9851";"4,9900";"4,9991";"5,0105";"5,0139";"5,0207";"5,0165";"5,0098";"5,0139";"5,0065";"5,0103";"5,0194";"5,0218";"5,0302";"5,0228";"5,0286";"5,0269";"5,0299";"5,0235";"5,0203";"5,0175";"5,0017";"5,0013";"5,0014";"5,0025";"5,0050";"5,0107";"4,9964";"5,0020";"4,9973";"4,9971";"5,0024";"5,0017";"5,0034";"5,0025";"5,0092";"4,7604";"4,7668";"4,7635";"4,7719";"4,7727";"4,7720";"4,7640";"4,5080";"4,5119";"4,5116";"4,5132";"4,5149";"4,5209";"4,2703";"4,2719";"4,2662";"4,2693";"4,2715";"4,2756";"4,2708";"3,7774";"3,7819";"3,7731";"3,7628";"3,7582";"3,7541";"3,7599";"3,2711";"3,2769";"3,2764";"3,2672";"3,2699";"3,0480";"3,2723";"3,0095";"2,9936";"2,9961";"2,9830";"2,9939";"2,9906";"2,7511";"2,7385";"2,7482";"2,7410";"2,7370";"2,7367";"2,7377";"2,7363";"2,7378";"2,7559";"2,7434";"2,7501";"2,7417";"2,7430";"2,7441";"2,7442";"2,7421";"2,7507";"2,7476";"2,7470";"2,7540";"2,7499";"2,7546";"2,7598";"2,7552";"2,7748";"2,7725";"2,5279";"2,5305";"2,5223";"2,5036";"2,5002";"2,5001";"2,2695";"2,2487";"2,2431";"2,2339";"2,2357";"2,2370";"2,2495";"2,2607";"2,2711";"2,2644";"2,2426";"2,2512";"2,2491";"2,2565";"2,2617";"2,2460";"2,2492";"2,2611";"2,2437";"2,2513";"2,2649";"2,2562";"2,2511";"2,2673";"2,2587";"2,2659";"2,2589";"2,2396";"2,2450";"2,2422";"2,2441";"2,2513";"2,2590";"2,2875";"2,2932";"2,2699";"2,2631";"2,2586";"2,2599";"2,2829";"2,2615";"2,2438";"2,2361";"2,2493";"2,2747";"2,2690";"2,1709";"2,2789"
"Quelques rendements d'obligations type du gouvernement canadien : à 2 ans";"1,69";"1,66";"1,63";"1,54";"1,47";"1,50";"1,51";"1,48";"1,32";"0,92";"0,50";"0,69";"0,62";"0,40";"0,43";"0,33";"0,33";"0,32";"0,30";"0,28";"0,30";"0,30";"0,32";"0,28";"0,29";"0,30";"0,28";"0,29";"0,27";"0,27";"0,26";"0,27";"0,29";"0,29";"0,29";"0,26";"0,27";"0,26";"0,26";"0,25";"0,24";"0,24";"0,23";"0,24";"0,26";"0,27";"0,27";"0,27";"0,27";"0,27";"0,25";"0,23";"0,20";"0,18";"0,16";"0,16";"0,16";"0,17";"0,19";"0,21";"0,23";"0,26";"0,24";"0,27";"0,24";"0,22";"0,23";"0,24";"0,30";"0,31";"0,30";"0,33";"0,33";"0,31";"0,32";"0,32";"0,36";"0,42";"0,45";"0,48";"0,45";"0,46";"0,45";"0,44";"0,47";"0,45";"0,45";"0,41";"0,39";"0,42";"0,45";"0,53";"0,60";"0,77";"0,79";"1,07";"1,03";"1,00";"1,00";"1,05";"0,95";"1,07";"0,95";"0,96";"0,99";"1,04";"1,11";"1,27";"1,26";"1,24";"1,36";"1,53";"1,57";"1,47";"1,50";"1,89";"2,06";"2,31";"2,37";"2,34";"2,58";"2,50";"2,61";"2,73";"2,76";"2,53";"2,79";"3,10";"3,28";"3,25";"3,14";"3,12";"3,30";"3,30";"3,08";"3,18";"3,18";"3,40";"3,51";"3,64";"3,60";"3,75";"3,77";"3,75";"3,85";"4,04";"4,18";"3,87";"3,94";"4,10";"3,84";"3,92";"3,89";"3,78";"3,72";"3,72";"4,02";"3,99";"3,87";"3,47";"3,56";"3,66";"3,92";"4,17";"4,20";"4,27";"4,29";"3,50";"3,49";"3,75";"3,54";"3,78";"3,88";"3,62";"3,56";"3,68";"4,04";"4,16";"4,22";"4,60";"4,55";"4,63";"4,52";"4,68";"4,66";"4,63";"4,65";"4,69";"4,59";"4,80";"4,70";"4,65";"4,68";"4,69";"4,95";"4,96";"4,90";"4,75";"4,90";"4,73";"4,53";"4,47";"4,51";"4,40";"4,17";"4,07";"3,97";"3,91";"3,91";"3,96";"4,04";"4,04";"4,02";"4,00";"4,12";"4,25";"4,18";"4,19";"4,07";"4,14";"4,12";"4,13";"4,22";"4,35";"4,19";"4,27";"4,30";"4,19";"4,18";"4,19";"4,31";"3,93";"3,91";"3,85";"4,04";"4,03";"3,92";"3,79";"3,63";"3,46";"3,31";"3,23";"3,25";"3,27";"3,15";"3,02";"2,93";"2,95";"2,98";"3,25";"2,97";"3,05";"3,09";"3,16";"3,17";"3,27";"3,20";"3,01";"2,94";"3,05";"3,03";"2,93";"2,94";"3,03";"2,96";"2,79";"2,59";"2,77";"2,80";"2,65";"2,54";"2,58";"2,51";"2,61";"2,44";"2,62";"2,52";"2,62";"2,47";"2,51";"2,59";"2,70";"2,62";"2,59";"2,67";"2,68";"2,65";"2,66";"2,66";"2,81";"2,82";"2,79";"2,69";"2,68";"2,69";"2,69";"2,62";"2,50";"2,49";"2,45";"2,46";"2,46";"2,42";"2,38";"2,43";"2,42";"2,45";"2,49";"2,40";"2,43";"2,63";"2,60";"2,57";"2,58";"2,56";"2,53";"2,56";"2,58";"2,58";"2,52";"2,44";"2,46";"2,52";"2,72";"2,75";"2,89";"2,82";"2,79";"2,79";"2,83";"3,03";"2,91";"2,96";"2,93";"2,86";"2,81";"2,83";"2,82";"2,73";"2,74";"2,85";"2,82";"2,89";"2,85";"2,82";"2,98";"2,98";"2,93";"3,11";"3,16";"3,35";"3,40";"3,37"
"Quelques rendements d'obligations type du gouvernement canadien : à 3 ans";"1,69";"1,65";"1,62";"1,52";"1,44";"1,48";"1,46";"1,44";"1,28";"0,90";"0,51";"0,79";"0,70";"0,48";"0,50";"0,38";"0,35";"0,30";"0,29";"0,26";"0,29";"0,29";"0,31";"0,27";"0,28";"0,32";"0,30";"0,31";"0,29";"0,28";"0,27";"0,26";"0,30";"0,29";"0,30";"0,27";"0,27";"0,27";"0,26";"0,25";"0,27";"0,24";"0,25";"0,25";"0,27";"0,30";"0,30";"0,30";"0,31";"0,32";"0,30";"0,28";"0,25";"0,23";"0,21";"0,20";"0,19";"0,22";"0,23";"0,26";"0,32";"0,33";"0,45";"0,51";"0,48";"0,49";"0,49";"0,49";"0,48";"0,48";"0,49";"0,53";"0,53";"0,49";"0,51";"0,49";"0,54";"0,61";"0,65";"0,66";"0,64";"0,57";"0,55";"0,53";"0,59";"0,56";"0,57";"0,51";"0,49";"0,52";"0,56";"0,67";"0,66";"0,84";"0,86";"1,11";"1,10";"1,10";"1,13";"1,17";"1,03";"1,16";"1,02";"1,03";"1,06";"1,12";"1,20";"1,36";"1,42";"1,39";"1,45";"1,61";"1,65";"1,52";"1,53";"1,90";"2,08";"2,31";"2,40";"2,39";"2,64";"2,55";"2,65";"2,74";"2,78";"2,54";"2,79";"3,10";"3,28";"3,29";"3,18";"3,12";"3,25";"3,26";"3,00";"3,08";"3,08";"3,30";"3,44";"3,59";"3,55";"3,69";"3,69";"3,68";"3,80";"3,97";"4,14";"3,82";"3,89";"4,05";"3,78";"3,70";"3,64";"3,48";"3,44";"3,48";"3,77";"3,73";"3,60";"3,24";"3,30";"3,38";"3,61";"3,87";"3,94";"4,01";"4,02";"3,28";"3,25";"3,53";"3,32";"3,55";"3,74";"3,48";"3,41";"3,54";"3,86";"3,81";"3,84";"4,18";"4,15";"4,22";"4,13";"4,31";"4,33";"4,27";"4,38";"4,43";"4,33";"4,55";"4,45";"4,40";"4,44";"4,43";"4,68";"4,72";"4,69";"4,60";"4,77";"4,60";"4,39";"4,30";"4,35";"4,23";"4,00";"3,89";"3,79";"3,71";"3,70";"3,75";"3,81";"3,82";"3,80";"3,77";"3,90";"4,02";"3,95";"3,95";"3,82";"3,89";"3,86";"3,87";"3,97";"4,11";"4,07";"4,16";"4,18";"4,06";"4,03";"4,05";"4,18";"3,79";"3,77";"3,70";"3,88";"3,87";"3,75";"3,61";"3,56";"3,35";"3,20";"3,13";"3,15";"3,17";"3,05";"2,95";"2,86";"2,88";"2,91";"3,18";"2,97";"3,03";"3,07";"3,13";"3,13";"3,24";"3,16";"2,97";"2,90";"3,00";"2,97";"2,87";"2,88";"2,97";"2,94";"2,78";"2,57";"2,77";"2,79";"2,63";"2,53";"2,59";"2,51";"2,61";"2,45";"2,63";"2,54";"2,65";"2,50";"2,53";"2,61";"2,73";"2,64";"2,62";"2,71";"2,71";"2,67";"2,69";"2,68";"2,82";"2,83";"2,79";"2,70";"2,69";"2,70";"2,70";"2,62";"2,50";"2,50";"2,46";"2,47";"2,47";"2,42";"2,39";"2,44";"2,42";"2,44";"2,49";"2,39";"2,43";"2,62";"2,59";"2,56";"2,57";"2,54";"2,50";"2,54";"2,50";"2,49";"2,45";"2,37";"2,39";"2,58";"2,79";"2,81";"2,95";"2,94";"2,91";"2,91";"2,91";"3,11";"2,99";"3,05";"3,03";"2,95";"2,91";"2,94";"2,92";"2,83";"2,84";"2,97";"2,93";"3,01";"2,97";"2,95";"3,07";"3,07";"3,03";"3,21";"3,25";"3,44";"3,49";"3,47"
"Quelques rendements d'obligations type du gouvernement canadien : à 5 ans";"1,68";"1,62";"1,54";"1,46";"1,34";"1,41";"1,39";"1,36";"1,21";"0,88";"0,55";"0,93";"0,78";"0,55";"0,65";"0,44";"0,45";"0,41";"0,43";"0,37";"0,41";"0,40";"0,45";"0,38";"0,37";"0,38";"0,36";"0,37";"0,35";"0,35";"0,32";"0,34";"0,41";"0,39";"0,41";"0,35";"0,37";"0,36";"0,35";"0,36";"0,38";"0,35";"0,36";"0,36";"0,38";"0,48";"0,44";"0,45";"0,47";"0,47";"0,45";"0,43";"0,41";"0,41";"0,44";"0,43";"0,41";"0,46";"0,49";"0,58";"0,73";"0,83";"0,91";"0,99";"0,92";"0,99";"0,94";"0,95";"0,94";"0,93";"0,91";"0,97";"0,96";"0,87";"0,90";"0,85";"0,92";"0,97";"0,97";"0,93";"0,91";"0,80";"0,78";"0,78";"0,89";"0,82";"0,87";"0,79";"0,80";"0,83";"0,92";"1,11";"1,09";"1,27";"1,29";"1,42";"1,46";"1,47";"1,48";"1,56";"1,35";"1,44";"1,26";"1,25";"1,30";"1,42";"1,52";"1,68";"1,67";"1,61";"1,68";"1,80";"1,79";"1,61";"1,65";"2,02";"2,20";"2,42";"2,51";"2,51";"2,74";"2,64";"2,74";"2,80";"2,83";"2,60";"2,86";"3,18";"3,38";"3,31";"3,17";"3,06";"3,13";"3,15";"2,83";"2,85";"2,85";"3,05";"3,27";"3,34";"3,30";"3,39";"3,35";"3,24";"3,42";"3,57";"3,71";"3,41";"3,48";"3,60";"3,26";"3,22";"3,18";"2,96";"2,94";"3,07";"3,37";"3,28";"3,13";"2,80";"2,88";"2,93";"3,16";"3,43";"3,54";"3,59";"3,50";"2,85";"2,77";"3,05";"2,87";"3,04";"3,24";"2,98";"2,87";"2,99";"3,29";"3,46";"3,44";"3,73";"3,72";"3,74";"3,61";"3,82";"3,81";"3,74";"3,85";"3,97";"3,86";"4,12";"4,02";"3,90";"3,97";"3,96";"4,20";"4,33";"4,33";"4,15";"4,32";"4,23";"3,98";"3,81";"3,88";"3,76";"3,60";"3,40";"3,33";"3,18";"3,18";"3,24";"3,36";"3,51";"3,55";"3,43";"3,57";"3,69";"3,61";"3,60";"3,43";"3,50";"3,52";"3,50";"3,62";"3,74";"3,73";"3,82";"3,81";"3,68";"3,64";"3,66";"3,81";"3,41";"3,41";"3,31";"3,51";"3,57";"3,46";"3,31";"3,30";"3,09";"3,03";"2,91";"2,92";"2,97";"2,86";"2,75";"2,74";"2,79";"2,80";"3,07";"2,88";"3,01";"3,05";"3,12";"3,14";"3,21";"3,09";"2,91";"2,89";"3,04";"3,05";"2,96";"3,02";"3,14";"3,02";"2,87";"2,63";"2,87";"2,88";"2,70";"2,62";"2,71";"2,66";"2,76";"2,58";"2,80";"2,70";"2,84";"2,67";"2,70";"2,84";"2,97";"2,85";"2,84";"2,93";"2,93";"2,90";"2,91";"2,92";"3,10";"3,10";"3,05";"2,94";"2,93";"2,96";"2,95";"2,87";"2,75";"2,75";"2,73";"2,73";"2,74";"2,69";"2,64";"2,73";"2,73";"2,74";"2,82";"2,72";"2,77";"3,01";"2,98";"2,93";"2,96";"2,93";"2,90";"2,95";"2,94";"2,94";"2,87";"2,76";"2,74";"2,81";"3,03";"3,01";"3,12";"3,11";"3,06";"3,08";"3,10";"3,26";"3,15";"3,23";"3,23";"3,14";"3,08";"3,13";"3,08";"2,99";"3,01";"3,18";"3,14";"3,22";"3,19";"3,17";"3,30";"3,30";"3,26";"3,42";"3,48";"3,64";"3,69";"3,69"
"Quelques rendements d'obligations type du gouvernement canadien : à 7 ans";"1,68";"1,61";"1,54";"1,45";"1,32";"1,39";"1,39";"1,36";"1,21";"0,91";"0,57";"0,99";"0,81";"0,57";"0,66";"0,47";"0,46";"0,42";"0,44";"0,39";"0,43";"0,41";"0,46";"0,39";"0,38";"0,43";"0,41";"0,43";"0,40";"0,38";"0,35";"0,37";"0,45";"0,43";"0,45";"0,40";"0,42";"0,40";"0,39";"0,39";"0,42";"0,38";"0,41";"0,41";"0,43";"0,55";"0,50";"0,51";"0,54";"0,54";"0,52";"0,50";"0,48";"0,49";"0,53";"0,53";"0,52";"0,58";"0,62";"0,73";"0,91";"1,03";"1,14";"1,28";"1,17";"1,26";"1,21";"1,24";"1,21";"1,22";"1,18";"1,26";"1,24";"1,14";"1,19";"1,11";"1,15";"1,17";"1,15";"1,10";"1,09";"1,00";"0,94";"0,92";"1,05";"0,96";"1,04";"0,96";"0,98";"1,00";"1,01";"1,24";"1,23";"1,38";"1,41";"1,47";"1,54";"1,53";"1,56";"1,62";"1,37";"1,45";"1,27";"1,27";"1,32";"1,47";"1,57";"1,73";"1,70";"1,62";"1,70";"1,81";"1,81";"1,64";"1,69";"2,04";"2,21";"2,41";"2,49";"2,51";"2,73";"2,64";"2,75";"2,85";"2,85";"2,63";"2,90";"3,21";"3,42";"3,33";"3,22";"3,10";"3,11";"3,10";"2,74";"2,70";"2,68";"2,86";"3,09";"3,14";"3,12";"3,18";"3,08";"3,12";"3,28";"3,44";"3,56";"3,27";"3,32";"3,42";"3,06";"2,98";"2,92";"2,72";"2,76";"2,92";"3,23";"3,12";"2,96";"2,65";"2,73";"2,78";"2,99";"3,25";"3,37";"3,44";"3,29";"2,73";"2,65";"2,90";"2,72";"2,85";"3,03";"2,81";"2,71";"2,86";"3,11";"3,27";"3,22";"3,50";"3,46";"3,47";"3,31";"3,53";"3,53";"3,46";"3,56";"3,71";"3,60";"3,86";"3,74";"3,68";"3,77";"3,77";"4,00";"4,18";"4,21";"4,02";"4,19";"4,16";"3,93";"3,76";"3,82";"3,69";"3,53";"3,33";"3,25";"3,10";"3,10";"3,16";"3,28";"3,42";"3,46";"3,32";"3,45";"3,55";"3,53";"3,52";"3,35";"3,41";"3,44";"3,41";"3,58";"3,68";"3,67";"3,77";"3,76";"3,62";"3,58";"3,60";"3,77";"3,37";"3,36";"3,26";"3,48";"3,55";"3,44";"3,30";"3,32";"3,11";"3,06";"2,94";"2,93";"3,00";"2,89";"2,81";"2,80";"2,88";"2,88";"3,15";"2,98";"3,12";"3,16";"3,23";"3,24";"3,30";"3,18";"2,99";"2,97";"3,13";"3,15";"3,07";"3,15";"3,27";"3,18";"3,04";"2,80";"3,04";"3,04";"2,85";"2,79";"2,89";"2,81";"2,93";"2,75";"2,97";"2,88";"3,02";"2,85";"2,89";"3,03";"3,16";"3,03";"3,01";"3,11";"3,11";"3,08";"3,09";"3,10";"3,30";"3,29";"3,24";"3,13";"3,12";"3,15";"3,15";"3,07";"2,89";"2,89";"2,88";"2,88";"2,89";"2,83";"2,78";"2,88";"2,87";"2,87";"2,96";"2,85";"2,92";"3,15";"3,12";"3,07";"3,11";"3,07";"3,04";"3,09";"3,08";"3,08";"3,01";"2,90";"2,87";"3,03";"3,25";"3,23";"3,27";"3,27";"3,22";"3,25";"3,26";"3,40";"3,30";"3,37";"3,37";"3,27";"3,23";"3,27";"3,22";"3,13";"3,14";"3,31";"3,28";"3,35";"3,33";"3,30";"3,43";"3,43";"3,40";"3,56";"3,61";"3,73";"3,76";"3,77"
"Quelques rendements d'obligations type du gouvernement canadien : à 10 ans";"1,70";"1,62";"1,53";"1,45";"1,31";"1,39";"1,39";"1,35";"1,21";"0,97";"0,64";"1,06";"0,88";"0,63";"0,81";"0,64";"0,61";"0,56";"0,61";"0,55";"0,56";"0,54";"0,62";"0,57";"0,53";"0,54";"0,52";"0,57";"0,53";"0,51";"0,48";"0,50";"0,60";"0,58";"0,61";"0,55";"0,59";"0,57";"0,55";"0,57";"0,63";"0,58";"0,61";"0,59";"0,61";"0,77";"0,70";"0,70";"0,76";"0,75";"0,73";"0,73";"0,70";"0,75";"0,81";"0,83";"0,80";"0,94";"0,99";"1,11";"1,31";"1,40";"1,41";"1,58";"1,47";"1,55";"1,50";"1,53";"1,52";"1,53";"1,51";"1,59";"1,58";"1,45";"1,49";"1,41";"1,44";"1,42";"1,39";"1,29";"1,29";"1,22";"1,17";"1,13";"1,26";"1,16";"1,25";"1,18";"1,20";"1,22";"1,21";"1,51";"1,50";"1,61";"1,63";"1,60";"1,71";"1,68";"1,70";"1,77";"1,50";"1,56";"1,41";"1,42";"1,47";"1,63";"1,73";"1,86";"1,84";"1,76";"1,85";"1,95";"1,97";"1,81";"1,89";"2,18";"2,32";"2,43";"2,54";"2,64";"2,82";"2,80";"2,90";"2,99";"2,96";"2,76";"2,98";"3,27";"3,48";"3,41";"3,29";"3,18";"3,14";"3,11";"2,77";"2,71";"2,67";"2,85";"3,10";"3,11";"3,13";"3,16";"3,03";"3,08";"3,27";"3,43";"3,55";"3,28";"3,32";"3,40";"3,04";"2,98";"2,96";"2,75";"2,81";"3,02";"3,29";"3,14";"3,01";"2,72";"2,79";"2,85";"3,02";"3,27";"3,37";"3,41";"3,25";"2,77";"2,70";"2,93";"2,78";"2,88";"3,05";"2,85";"2,76";"2,89";"3,09";"3,26";"3,18";"3,44";"3,41";"3,38";"3,22";"3,41";"3,42";"3,35";"3,45";"3,61";"3,51";"3,77";"3,63";"3,57";"3,68";"3,68";"3,88";"4,09";"4,14";"3,93";"4,10";"4,11";"3,92";"3,71";"3,75";"3,65";"3,51";"3,30";"3,24";"3,06";"3,06";"3,14";"3,27";"3,44";"3,49";"3,35";"3,47";"3,55";"3,54";"3,52";"3,34";"3,42";"3,48";"3,44";"3,59";"3,69";"3,69";"3,79";"3,76";"3,63";"3,57";"3,59";"3,75";"3,38";"3,39";"3,29";"3,47";"3,57";"3,47";"3,34";"3,39";"3,18";"3,15";"3,01";"3,01";"3,08";"2,99";"2,91";"2,93";"3,01";"3,02";"3,25";"3,10";"3,25";"3,25";"3,31";"3,31";"3,38";"3,23";"3,07";"3,08";"3,22";"3,29";"3,23";"3,32";"3,41";"3,30";"3,18";"2,95";"3,18";"3,18";"2,98";"2,95";"3,07";"2,99";"3,12";"2,94";"3,18";"3,08";"3,23";"3,07";"3,10";"3,25";"3,39";"3,24";"3,23";"3,34";"3,33";"3,32";"3,36";"3,37";"3,57";"3,56";"3,48";"3,39";"3,39";"3,44";"3,45";"3,39";"3,17";"3,18";"3,20";"3,19";"3,19";"3,12";"3,07";"3,15";"3,16";"3,14";"3,25";"3,13";"3,22";"3,42";"3,42";"3,40";"3,42";"3,39";"3,36";"3,42";"3,42";"3,43";"3,34";"3,23";"3,20";"3,26";"3,48";"3,45";"3,47";"3,50";"3,44";"3,47";"3,48";"3,60";"3,51";"3,58";"3,58";"3,47";"3,43";"3,49";"3,42";"3,36";"3,38";"3,56";"3,53";"3,60";"3,58";"3,55";"3,69";"3,69";"3,66";"3,80";"3,84";"3,92";"3,96";"3,99"
"Quelques rendements d'obligations type du gouvernement canadien : à long terme";"1,76";"1,74";"1,65";"1,58";"1,45";"1,51";"1,51";"1,46";"1,35";"1,27";"1,02";"1,47";"1,36";"1,21";"1,35";"1,32";"1,23";"1,15";"1,16";"1,12";"1,11";"1,10";"1,21";"1,12";"1,03";"1,02";"0,99";"1,09";"1,04";"1,00";"0,95";"0,94";"1,09";"1,09";"1,12";"1,06";"1,10";"1,11";"1,08";"1,11";"1,20";"1,18";"1,21";"1,17";"1,19";"1,33";"1,25";"1,22";"1,28";"1,30";"1,30";"1,28";"1,24";"1,36";"1,44";"1,47";"1,45";"1,52";"1,58";"1,69";"1,88";"1,82";"1,84";"2,08";"1,91";"1,97";"1,94";"1,96";"2,01";"2,07";"2,06";"2,19";"2,18";"2,04";"2,02";"1,95";"1,95";"1,86";"1,84";"1,76";"1,81";"1,80";"1,73";"1,70";"1,82";"1,74";"1,82";"1,74";"1,77";"1,77";"1,75";"1,98";"1,99";"2,02";"2,03";"1,92";"2,05";"2,01";"2,05";"2,07";"1,82";"1,84";"1,74";"1,72";"1,76";"1,85";"1,98";"2,08";"2,07";"2,04";"2,14";"2,21";"2,23";"2,05";"2,19";"2,39";"2,42";"2,41";"2,45";"2,61";"2,77";"2,79";"2,86";"2,95";"2,91";"2,76";"2,88";"3,18";"3,35";"3,33";"3,21";"3,10";"3,03";"3,04";"2,83";"2,77";"2,76";"2,89";"3,06";"3,02";"3,13";"3,10";"2,94";"2,97";"3,22";"3,37";"3,53";"3,42";"3,33";"3,47";"3,14";"2,97";"3,01";"2,74";"2,85";"3,04";"3,28";"3,14";"3,03";"2,84";"2,91";"2,93";"3,07";"3,26";"3,30";"3,25";"3,11";"2,88";"2,93";"3,04";"2,95";"3,00";"3,13";"2,97";"2,93";"3,04";"3,10";"3,27";"3,14";"3,28";"3,27";"3,22";"3,11";"3,21";"3,26";"3,20";"3,29";"3,44";"3,41";"3,61";"3,47";"3,41";"3,50";"3,52";"3,63";"3,87";"3,91";"3,68";"3,79";"3,88";"3,74";"3,50";"3,55";"3,47";"3,34";"3,11";"3,09";"2,90";"2,96";"3,07";"3,18";"3,37";"3,46";"3,27";"3,37";"3,42";"3,42";"3,40";"3,23";"3,33";"3,40";"3,35";"3,50";"3,57";"3,61";"3,70";"3,63";"3,51";"3,44";"3,46";"3,61";"3,28";"3,34";"3,21";"3,35";"3,47";"3,40";"3,32";"3,42";"3,22";"3,23";"3,10";"3,09";"3,18";"3,13";"3,08";"3,13";"3,20";"3,20";"3,36";"3,24";"3,41";"3,34";"3,34";"3,31";"3,43";"3,26";"3,14";"3,19";"3,26";"3,37";"3,33";"3,43";"3,53";"3,43";"3,34";"3,14";"3,36";"3,36";"3,18";"3,19";"3,32";"3,23";"3,36";"3,20";"3,45";"3,40";"3,55";"3,42";"3,42";"3,56";"3,68";"3,54";"3,51";"3,63";"3,63";"3,63";"3,64";"3,68";"3,88";"3,87";"3,80";"3,74";"3,77";"3,85";"3,88";"3,84";"3,62";"3,61";"3,67";"3,67";"3,72";"3,62";"3,56";"3,59";"3,61";"3,58";"3,70";"3,59";"3,70";"3,85";"3,87";"3,81";"3,85";"3,84";"3,81";"3,85";"3,86";"3,88";"3,79";"3,71";"3,69";"3,74";"3,93";"3,89";"3,88";"3,93";"3,88";"3,90";"3,90";"3,96";"3,89";"3,93";"3,94";"3,83";"3,80";"3,88";"3,82";"3,76";"3,77";"3,95";"3,95";"4,00";"3,99";"3,97";"4,09";"4,09";"4,09";"4,18";"4,21";"4,25";"4,25";"4,30"
"Rendements moyens des obligations négociables du gouvernement canadien : de 1 à 3 ans 7";"1,71";"1,68";"1,66";"1,57";"1,51";"1,54";"1,54";"1,52";"1,37";"0,95";"0,53";"0,73";"0,66";"0,44";"0,45";"0,34";"0,34";"0,30";"0,30";"0,26";"0,28";"0,28";"0,29";"0,25";"0,26";"0,26";"0,25";"0,25";"0,24";"0,23";"0,23";"0,23";"0,26";"0,26";"0,26";"0,24";"0,25";"0,24";"0,23";"0,23";"0,23";"0,20";"0,20";"0,21";"0,24";"0,26";"0,26";"0,26";"0,26";"0,27";"0,24";"0,22";"0,20";"0,18";"0,16";"0,16";"0,15";"0,17";"0,17";"0,20";"0,23";"0,27";"0,25";"0,28";"0,24";"0,23";"0,26";"0,28";"0,30";"0,30";"0,29";"0,33";"0,33";"0,30";"0,32";"0,32";"0,37";"0,42";"0,44";"0,47";"0,44";"0,39";"0,38";"0,39";"0,42";"0,40";"0,42";"0,37";"0,38";"0,41";"0,44";"0,52";"0,52";"0,69";"0,71";"0,98";"0,99";"0,97";"0,98";"1,04";"0,92";"1,04";"0,91";"0,93";"0,95";"1,01";"1,09";"1,24";"1,22";"1,22";"1,29";"1,45";"1,49";"1,41";"1,45";"1,83";"1,99";"2,21";"2,28";"2,27";"2,51";"2,47";"2,59";"2,66";"2,70";"2,48";"2,74";"3,06";"3,24";"3,22";"3,12";"3,12";"3,27";"3,30";"3,09";"3,18";"3,19";"3,40";"3,52";"3,65";"3,57";"3,72";"3,73";"3,72";"3,83";"4,01";"4,18";"3,87";"3,93";"4,09";"3,83";"3,89";"3,86";"3,74";"3,70";"3,74";"4,03";"4,00";"3,90";"3,67";"3,74";"3,83";"4,02";"4,24";"4,25";"4,30";"4,25";"3,51";"3,50";"3,79";"3,52";"3,75";"3,94";"3,69";"3,59";"3,72";"4,06";"4,18";"4,22";"4,54";"4,50";"4,58";"4,47";"4,63";"4,62";"4,58";"4,70";"4,71";"4,62";"4,82";"4,72";"4,68";"4,66";"4,66";"4,90";"4,92";"4,85";"4,78";"4,93";"4,77";"4,57";"4,48";"4,52";"4,41";"4,18";"4,08";"3,99";"3,94";"3,94";"3,99";"4,06";"4,22";"4,20";"4,17";"4,26";"4,37";"4,30";"4,30";"4,10";"4,18";"4,14";"4,16";"4,23";"4,36";"4,30";"4,38";"4,40";"4,27";"4,25";"4,27";"4,39";"3,96";"3,94";"3,88";"4,06";"4,05";"3,94";"3,81";"3,77";"3,59";"3,42";"3,34";"3,36";"3,39";"3,18";"3,08";"2,98";"3,00";"3,00";"3,25";"3,04";"3,09";"3,11";"3,16";"3,17";"3,27";"3,19";"3,01";"2,94";"3,04";"3,01";"2,92";"2,93";"3,02";"2,96";"2,79";"2,59";"2,78";"2,81";"2,67";"2,55";"2,59";"2,52";"2,61";"2,45";"2,63";"2,53";"2,63";"2,48";"2,51";"2,59";"2,70";"2,62";"2,60";"2,68";"2,69";"2,66";"2,67";"2,66";"2,81";"2,82";"2,79";"2,70";"2,68";"2,70";"2,70";"2,63";"2,51";"2,50";"2,46";"2,47";"2,47";"2,42";"2,39";"2,43";"2,41";"2,43";"2,47";"2,39";"2,42";"2,60";"2,57";"2,54";"2,55";"2,53";"2,50";"2,53";"2,51";"2,52";"2,47";"2,40";"2,42";"2,50";"2,70";"2,72";"2,86";"2,79";"2,76";"2,76";"2,76";"2,96";"2,86";"2,91";"2,87";"2,82";"2,80";"2,81";"2,80";"2,71";"2,72";"2,83";"2,80";"2,86";"2,82";"2,82";"2,93";"2,93";"2,89";"3,10";"3,15";"3,33";"3,38";"3,35"
"Rendements moyens des obligations négociables du gouvernement canadien : de 3 à 5 ans 7";"1,68";"1,63";"1,57";"1,48";"1,38";"1,43";"1,44";"1,41";"1,25";"0,89";"0,54";"0,89";"0,75";"0,53";"0,59";"0,42";"0,42";"0,38";"0,38";"0,33";"0,36";"0,35";"0,39";"0,33";"0,33";"0,33";"0,32";"0,32";"0,30";"0,29";"0,27";"0,28";"0,32";"0,31";"0,33";"0,31";"0,33";"0,32";"0,31";"0,31";"0,33";"0,30";"0,32";"0,32";"0,34";"0,42";"0,39";"0,39";"0,41";"0,41";"0,38";"0,37";"0,35";"0,34";"0,36";"0,35";"0,33";"0,37";"0,39";"0,45";"0,58";"0,70";"0,69";"0,76";"0,70";"0,74";"0,76";"0,77";"0,76";"0,75";"0,73";"0,79";"0,79";"0,71";"0,78";"0,74";"0,80";"0,86";"0,87";"0,84";"0,82";"0,73";"0,71";"0,71";"0,81";"0,75";"0,78";"0,71";"0,74";"0,77";"0,80";"0,98";"0,96";"1,15";"1,17";"1,33";"1,36";"1,36";"1,38";"1,46";"1,26";"1,37";"1,19";"1,19";"1,23";"1,35";"1,44";"1,61";"1,59";"1,53";"1,60";"1,73";"1,73";"1,58";"1,62";"1,99";"2,17";"2,40";"2,48";"2,48";"2,72";"2,62";"2,72";"2,78";"2,81";"2,58";"2,83";"3,17";"3,36";"3,29";"3,16";"3,06";"3,15";"3,17";"2,87";"2,92";"2,91";"3,11";"3,32";"3,40";"3,30";"3,39";"3,34";"3,37";"3,52";"3,67";"3,83";"3,52";"3,59";"3,72";"3,40";"3,38";"3,34";"3,14";"3,10";"3,20";"3,50";"3,43";"3,28";"2,93";"2,99";"3,06";"3,29";"3,56";"3,66";"3,71";"3,56";"2,89";"2,88";"3,15";"2,96";"3,14";"3,34";"3,09";"2,98";"3,10";"3,40";"3,57";"3,56";"3,80";"3,78";"3,81";"3,70";"3,91";"3,90";"3,83";"3,96";"4,06";"3,95";"4,21";"4,11";"4,05";"4,04";"4,03";"4,28";"4,40";"4,39";"4,22";"4,39";"4,30";"4,04";"3,89";"3,96";"3,84";"3,67";"3,48";"3,40";"3,26";"3,26";"3,32";"3,44";"3,58";"3,60";"3,50";"3,64";"3,76";"3,72";"3,69";"3,49";"3,56";"3,57";"3,55";"3,67";"3,79";"3,77";"3,86";"3,86";"3,75";"3,71";"3,73";"3,88";"3,43";"3,42";"3,33";"3,53";"3,58";"3,47";"3,32";"3,30";"3,10";"3,02";"2,91";"2,92";"2,96";"2,84";"2,74";"2,71";"2,76";"2,77";"3,04";"2,85";"2,98";"3,02";"3,09";"3,11";"3,18";"3,07";"2,89";"2,86";"3,01";"3,01";"2,92";"2,98";"3,08";"2,98";"2,82";"2,59";"2,82";"2,83";"2,66";"2,60";"2,68";"2,60";"2,72";"2,54";"2,75";"2,64";"2,78";"2,61";"2,65";"2,78";"2,90";"2,78";"2,80";"2,89";"2,89";"2,86";"2,87";"2,87";"3,05";"3,05";"3,00";"2,89";"2,88";"2,91";"2,90";"2,85";"2,69";"2,69";"2,67";"2,67";"2,67";"2,62";"2,58";"2,67";"2,66";"2,66";"2,75";"2,64";"2,72";"2,95";"2,91";"2,87";"2,90";"2,86";"2,84";"2,89";"2,88";"2,88";"2,81";"2,70";"2,69";"2,78";"3,00";"2,99";"3,07";"3,06";"3,01";"3,02";"3,03";"3,20";"3,09";"3,17";"3,16";"3,07";"3,04";"3,09";"3,04";"2,95";"2,97";"3,13";"3,09";"3,17";"3,14";"3,12";"3,25";"3,24";"3,21";"3,39";"3,45";"3,59";"3,64";"3,65"
"Rendements moyens des obligations négociables du gouvernement canadien : de 5 à 10 ans 7";"1,71";"1,63";"1,54";"1,46";"1,33";"1,40";"1,40";"1,37";"1,22";"0,95";"0,62";"1,02";"0,84";"0,59";"0,69";"0,49";"0,50";"0,46";"0,50";"0,44";"0,46";"0,44";"0,53";"0,47";"0,45";"0,46";"0,44";"0,46";"0,44";"0,41";"0,39";"0,40";"0,49";"0,47";"0,49";"0,47";"0,50";"0,48";"0,47";"0,48";"0,53";"0,48";"0,51";"0,50";"0,52";"0,66";"0,60";"0,60";"0,66";"0,65";"0,63";"0,63";"0,60";"0,63";"0,69";"0,69";"0,67";"0,75";"0,79";"0,89";"1,09";"1,25";"1,25";"1,40";"1,29";"1,39";"1,33";"1,35";"1,33";"1,34";"1,32";"1,39";"1,36";"1,25";"1,35";"1,26";"1,30";"1,31";"1,28";"1,21";"1,20";"1,12";"1,07";"1,04";"1,16";"1,07";"1,15";"1,08";"1,13";"1,15";"1,15";"1,40";"1,38";"1,50";"1,53";"1,54";"1,64";"1,61";"1,62";"1,69";"1,42";"1,51";"1,35";"1,35";"1,41";"1,56";"1,66";"1,80";"1,78";"1,70";"1,80";"1,90";"1,92";"1,73";"1,80";"2,11";"2,23";"2,42";"2,52";"2,60";"2,79";"2,75";"2,86";"2,94";"2,92";"2,72";"2,97";"3,27";"3,48";"3,40";"3,27";"3,15";"3,14";"3,13";"2,77";"2,72";"2,68";"2,87";"3,10";"3,14";"3,14";"3,19";"3,06";"3,12";"3,29";"3,45";"3,57";"3,28";"3,33";"3,42";"3,05";"2,98";"2,95";"2,75";"2,80";"2,99";"3,28";"3,14";"3,00";"2,70";"2,76";"2,82";"3,01";"3,27";"3,38";"3,44";"3,28";"2,74";"2,67";"2,92";"2,74";"2,87";"3,05";"2,83";"2,73";"2,87";"3,12";"3,28";"3,22";"3,49";"3,46";"3,45";"3,29";"3,50";"3,50";"3,43";"3,53";"3,69";"3,59";"3,85";"3,72";"3,66";"3,75";"3,74";"3,96";"4,15";"4,19";"3,99";"4,17";"4,16";"3,95";"3,75";"3,80";"3,69";"3,53";"3,32";"3,25";"3,08";"3,08";"3,15";"3,28";"3,44";"3,48";"3,35";"3,47";"3,58";"3,55";"3,54";"3,36";"3,43";"3,47";"3,43";"3,57";"3,68";"3,67";"3,77";"3,75";"3,62";"3,57";"3,59";"3,76";"3,37";"3,37";"3,27";"3,47";"3,55";"3,45";"3,31";"3,34";"3,12";"3,08";"2,95";"2,94";"3,01";"2,91";"2,83";"2,83";"2,90";"2,91";"3,17";"3,00";"3,15";"3,17";"3,24";"3,25";"3,32";"3,18";"3,01";"3,01";"3,15";"3,20";"3,12";"3,20";"3,31";"3,19";"3,05";"2,81";"3,04";"3,04";"2,85";"2,81";"2,92";"2,84";"2,96";"2,78";"3,01";"2,90";"3,05";"2,88";"2,91";"3,06";"3,19";"3,06";"3,09";"3,19";"3,19";"3,16";"3,17";"3,18";"3,38";"3,37";"3,30";"3,20";"3,19";"3,23";"3,23";"3,18";"2,98";"2,99";"2,99";"2,98";"2,98";"2,92";"2,87";"2,96";"2,97";"2,96";"3,05";"2,94";"3,06";"3,28";"3,27";"3,21";"3,24";"3,20";"3,17";"3,22";"3,22";"3,23";"3,14";"3,03";"3,00";"3,09";"3,31";"3,28";"3,32";"3,34";"3,27";"3,30";"3,31";"3,45";"3,35";"3,42";"3,42";"3,32";"3,31";"3,36";"3,30";"3,21";"3,22";"3,40";"3,37";"3,44";"3,42";"3,39";"3,52";"3,52";"3,48";"3,66";"3,70";"3,80";"3,84";"3,86"
"Rendements moyens des obligations négociables du gouvernement canadien : de plus de 10 ans 7";"1,76";"1,72";"1,64";"1,55";"1,42";"1,48";"1,48";"1,44";"1,32";"1,20";"0,93";"1,37";"1,25";"1,08";"1,19";"1,12";"1,05";"0,99";"1,00";"0,93";"0,93";"0,92";"1,10";"1,03";"0,95";"0,95";"0,91";"1,00";"0,94";"0,89";"0,86";"0,84";"0,99";"0,99";"1,01";"0,95";"0,99";"0,99";"0,97";"0,99";"1,05";"1,02";"1,04";"1,01";"1,03";"1,17";"1,08";"1,06";"1,17";"1,18";"1,18";"1,17";"1,13";"1,23";"1,31";"1,33";"1,32";"1,40";"1,46";"1,58";"1,77";"1,74";"1,76";"1,99";"1,84";"1,90";"1,86";"1,88";"1,93";"1,96";"1,95";"2,05";"2,04";"1,91";"1,94";"1,86";"1,86";"1,79";"1,77";"1,69";"1,73";"1,71";"1,64";"1,62";"1,73";"1,65";"1,73";"1,65";"1,69";"1,69";"1,68";"1,92";"1,92";"1,96";"1,98";"1,88";"2,00";"1,96";"2,00";"2,03";"1,77";"1,82";"1,72";"1,71";"1,75";"1,84";"1,97";"2,07";"2,07";"2,04";"2,13";"2,21";"2,24";"2,06";"2,19";"2,39";"2,44";"2,45";"2,50";"2,64";"2,80";"2,82";"2,90";"2,99";"2,96";"2,80";"2,93";"3,22";"3,39";"3,37";"3,24";"3,14";"3,09";"3,08";"2,85";"2,79";"2,78";"2,91";"3,09";"3,06";"3,15";"3,14";"2,99";"3,03";"3,27";"3,42";"3,58";"3,43";"3,37";"3,50";"3,15";"3,01";"3,02";"2,77";"2,88";"3,07";"3,31";"3,17";"3,06";"2,85";"2,92";"2,94";"3,09";"3,29";"3,34";"3,32";"3,17";"2,89";"2,91";"3,06";"2,96";"3,01";"3,15";"2,98";"2,93";"3,04";"3,13";"3,30";"3,18";"3,33";"3,32";"3,26";"3,15";"3,27";"3,31";"3,25";"3,34";"3,49";"3,45";"3,66";"3,52";"3,46";"3,56";"3,57";"3,70";"3,93";"3,99";"3,75";"3,88";"3,96";"3,81";"3,57";"3,62";"3,53";"3,39";"3,16";"3,13";"2,93";"3,00";"3,10";"3,21";"3,40";"3,48";"3,31";"3,40";"3,45";"3,46";"3,36";"3,27";"3,36";"3,43";"3,38";"3,53";"3,61";"3,64";"3,73";"3,67";"3,55";"3,48";"3,50";"3,65";"3,32";"3,37";"3,25";"3,39";"3,50";"3,42";"3,33";"3,43";"3,23";"3,23";"3,10";"3,09";"3,18";"3,12";"3,07";"3,11";"3,17";"3,18";"3,35";"3,22";"3,38";"3,33";"3,34";"3,32";"3,43";"3,26";"3,13";"3,17";"3,25";"3,36";"3,32";"3,41";"3,51";"3,41";"3,32";"3,11";"3,33";"3,33";"3,15";"3,15";"3,28";"3,19";"3,32";"3,15";"3,40";"3,34";"3,49";"3,36";"3,36";"3,50";"3,62";"3,48";"3,49";"3,60";"3,60";"3,60";"3,62";"3,65";"3,85";"3,84";"3,77";"3,70";"3,72";"3,79";"3,82";"3,77";"3,55";"3,53";"3,59";"3,58";"3,63";"3,53";"3,47";"3,51";"3,52";"3,49";"3,61";"3,49";"3,65";"3,80";"3,82";"3,77";"3,80";"3,79";"3,76";"3,80";"3,81";"3,82";"3,73";"3,64";"3,62";"3,66";"3,86";"3,82";"3,82";"3,85";"3,79";"3,82";"3,83";"3,89";"3,81";"3,86";"3,87";"3,76";"3,76";"3,83";"3,77";"3,71";"3,73";"3,90";"3,90";"3,95";"3,94";"3,91";"4,03";"4,03";"4,02";"4,12";"4,15";"4,20";"4,21";"4,25"
"Banques à charte - à terme de 90 jours 1";"0,05";"0,05";"0,05";"0,05";"0,05";"0,05";"0,05";"0,05";"0,05";"0,05";"0,05";"0,05";"0,05";"0,05";"0,05";"0,05";"0,05";"0,05";"0,05";"0,05";"0,05";"0,05";"0,05";"0,05";"0,05";"0,05";"0,05";"0,05";"0,05";"0,05";"0,05";"0,05";"0,05";"0,05";"0,05";"0,05";"0,05";"0,05";"0,05";"0,05";"0,05";"0,05";"0,05";"0,05";"0,05";"0,05";"0,05";"0,05";"0,05";"0,05";"0,05";"0,05";"0,05";"0,05";"0,05";"0,05";"0,05";"0,05";"0,05";"0,05";"0,05";"0,05";"0,05";"0,05";"0,05";"0,05";"0,05";"0,05";"0,05";"0,05";"0,05";"0,05";"0,05";"0,05";"0,05";"0,05";"0,05";"0,05";"0,05";"0,05";"0,05";"0,05";"0,05";"0,05";"0,05";"0,05";"0,05";"0,05";"0,05";"0,05";"0,05";"0,05";"0,05";"0,05";"0,05";"0,05";"0,05";"0,05";"0,05";"0,05";"0,05";"0,05";"0,05";"0,05";"0,05";"0,05";"0,05";"0,05";"0,05";"0,05";"0,05";"0,05";"0,05";"0,05";"0,05";"0,05";"0,05";"0,05";"0,05";"0,05";"0,05";"0,05";"0,05";"0,05";"0,05";"0,05";"0,05";"0,05";"0,05";"0,05";"0,05";"0,05";"0,05";"0,05";"0,05";"1,25";"1,25";"1,25";"1,25";"1,25";"1,25";"1,25";"1,25";"1,25";"1,25";"1,25";"1,25";"1,25";"1,25";"1,25";"0,05";"0,05";"0,05";"0,05";"2,25";"2,25";"2,25";"2,25";"2,25";"2,25";"2,25";"2,25";"2,25";"2,25";"2,25";"2,25";"2,25";"2,25";"2,25";"2,25";"2,25";"2,25";"2,25";"2,25";"2,25";"2,25";"2,25";"2,25";"2,25";"2,25";"2,25";"2,25";"2,25";"2,25";"2,25";"2,25";"2,25";"2,25";"2,25";"2,25";"2,25";"2,25";"2,25";"2,25";"2,25";"2,25";"2,25";"2,25";"2,25";"2,25";"2,25";"2,25";"2,25";"2,25";"2,25";"2,25";"2,25";"2,25";"2,25";"2,25";"2,25";"2,25";"2,25";"2,25";"2,25";"2,25";"2,25";"2,25";"2,25";"2,25";"2,25";"2,25";"2,25";"2,25";"2,25";"2,25";"2,25";"2,25";"2,25";"2,25";"2,25";"2,25";"2,25";"2,25";"2,25";"2,25";"2,25";"2,25";"2,25";"2,25";"2,25";"2,25";"2,25";"2,25";"2,25";"2,25";"2,25";"2,25";"2,25";"2,25";"2,25";"2,25";"2,25";"2,25";"2,25";"2,25";"2,25";"2,25";"2,25";"2,50";"2,50";"2,50";"2,50";"2,50";"2,50";"2,50";"2,50";"2,50";"2,50";"2,50";"2,50";"2,50";"2,25";"2,25";"2,25";"2,25";"2,25";"2,25";"2,25";"2,25";"2,25";"2,25";"2,25";"2,25";"2,25";"2,25";"2,25";"2,25";"2,25";"2,25";"2,25";"2,25";"2,25";"2,25";"2,25";"2,25";"2,25";"2,25";"2,25";"2,25";"2,00";"2,00";"2,00";"1,75";"1,75";"1,75";"1,75";"1,75";"1,75";"1,75";"1,75";"1,75";"1,75";"1,75";"1,75";"1,75";"1,75";"1,75";"1,75";"1,75";"1,75";"1,75";"1,75";"1,75";"1,75";"1,75";"1,75";"1,75";"1,75";"1,75";"1,75";"1,75";"1,75";"1,75";"1,75";"1,75";"1,75";"1,75";"1,75";"1,75";"1,75";"1,75";"1,75";"1,75";"1,75";"1,75";"1,75";"1,75";"1,75";"1,75";"1,75";"1,75";".."
"Banques à charte - prêts hypothécaires ordinaires : à 1 an 1";"3,64";"3,64";"3,64";"3,64";"3,64";"3,64";"3,64";"3,64";"3,64";"3,64";"3,39";"3,29";"3,29";"3,29";"3,29";"3,29";"3,29";"3,29";"3,29";"3,29";"3,19";"3,19";"3,19";"3,19";"3,19";"3,19";"3,19";"3,19";"3,09";"3,09";"3,09";"3,09";"3,09";"3,09";"3,09";"3,09";"3,09";"3,09";"3,09";"3,09";"3,09";"3,09";"3,09";"3,09";"3,09";"3,09";"3,09";"3,09";"3,09";"3,09";"3,09";"3,09";"3,09";"3,09";"2,79";"2,79";"2,79";"2,79";"2,79";"2,79";"2,79";"2,79";"2,79";"2,79";"2,79";"2,79";"2,79";"2,79";"2,79";"2,79";"2,79";"2,79";"2,79";"2,79";"2,79";"2,79";"2,79";"2,79";"2,79";"2,79";"2,79";"2,79";"2,79";"2,79";"2,79";"2,79";"2,79";"2,79";"2,79";"2,79";"2,79";"2,79";"2,79";"2,79";"2,79";"2,79";"2,79";"2,79";"2,79";"2,79";"2,79";"2,79";"2,79";"2,79";"2,79";"2,79";"2,79";"2,79";"2,79";"2,79";"2,79";"2,79";"2,79";"2,79";"2,79";"2,79";"2,94";"2,99";"3,09";"3,09";"3,09";"3,29";"3,29";"3,49";"3,49";"3,79";"3,79";"3,79";"4,29";"4,69";"4,74";"4,74";"4,74";"4,74";"5,19";"5,19";"5,19";"5,19";"5,19";"5,19";"5,19";"5,39";"5,69";"5,69";"6,09";"6,09";"6,09";"6,09";"6,09";"6,09";"6,09";"6,09";"6,09";"6,09";"6,34";"6,34";"6,34";"6,34";"6,34";"6,34";"6,34";"6,34";"6,34";"6,34";"6,34";"6,34";"6,34";"6,34";"6,29";"6,29";"6,29";"6,29";"6,29";"6,29";"6,29";"6,29";"6,29";"6,29";"6,34";"6,94";"6,94";"6,94";"7,14";"7,14";"7,69";"7,49";"7,49";"7,79";"7,79";"7,79";"7,89";"7,89";"7,89";"7,89";"7,89";"7,79";"7,84";"8,09";"8,09";"8,09";"8,09";"8,09";"8,09";"8,09";"8,09";"8,09";"8,09";"7,89";"7,89";"7,89";"7,84";"7,84";"7,84";"7,84";"7,84";"7,84";"7,84";"7,84";"7,84";"7,84";"7,84";"7,84";"7,84";"7,84";"7,84";"7,84";"7,84";"7,84";"7,84";"7,84";"7,84";"7,84";"7,84";"7,84";"7,84";"7,84";"7,74";"7,74";"7,74";"7,74";"7,74";"7,74";"7,64";"7,64";"7,64";"7,44";"7,44";"7,24";"7,24";"7,24";"7,24";"7,24";"7,24";"7,24";"7,24";"7,24";"7,24";"7,24";"7,24";"7,24";"7,24";"7,24";"7,24";"7,24";"7,24";"7,24";"7,24";"6,99";"6,99";"6,99";"6,99";"6,99";"6,99";"6,99";"6,79";"6,09";"6,09";"6,09";"6,09";"6,09";"6,09";"6,09";"6,09";"6,09";"6,09";"6,09";"6,09";"6,09";"6,09";"6,09";"6,09";"6,09";"6,09";"6,09";"6,09";"6,09";"6,09";"6,09";"6,09";"6,09";"6,09";"6,09";"6,09";"6,09";"6,09";"6,09";"5,84";"5,84";"5,84";"5,84";"5,84";"5,84";"5,84";"5,84";"5,84";"5,84";"5,84";"5,84";"5,84";"5,84";"5,84";"5,84";"5,84";"5,49";"5,49";"5,49";"5,49";"5,49";"5,49";"5,49";"5,49";"5,49";"5,49";"5,49";"5,49";"5,49";"5,49";"5,49";"5,49";"5,49";"5,49";"5,49";"5,49";"5,49";"5,49";"5,49";"5,49";"5,49";"5,49";"5,49";"5,49";"5,49";".."
"Banques à charte - prêts hypothécaires ordinaires : à 3 ans 1";"3,94";"3,94";"3,94";"3,94";"3,94";"3,94";"3,94";"3,94";"3,94";"3,94";"3,94";"3,94";"3,94";"3,94";"3,94";"3,94";"4,05";"4,05";"4,05";"3,94";"3,89";"3,89";"3,89";"3,89";"3,89";"3,89";"3,89";"3,89";"3,79";"3,79";"3,79";"3,89";"3,75";"3,75";"3,75";"3,59";"3,59";"3,59";"3,59";"3,59";"3,59";"3,59";"3,59";"3,59";"3,59";"3,59";"3,59";"3,59";"3,59";"3,45";"3,49";"3,49";"3,49";"3,49";"3,49";"3,49";"3,49";"3,49";"3,49";"3,49";"3,49";"3,49";"3,49";"3,49";"3,49";"3,49";"3,49";"3,49";"3,49";"3,49";"3,49";"3,49";"3,49";"3,49";"3,49";"3,49";"3,49";"3,49";"3,49";"3,49";"3,49";"3,49";"3,49";"3,49";"3,49";"3,49";"3,49";"3,49";"3,49";"3,49";"3,49";"3,49";"3,49";"3,49";"3,49";"3,49";"3,49";"3,49";"3,49";"3,49";"3,49";"3,49";"3,49";"3,49";"3,49";"3,49";"3,49";"3,49";"3,49";"3,49";"3,49";"3,49";"3,49";"3,49";"3,49";"3,49";"3,49";"3,69";"3,89";"3,89";"3,89";"4,09";"4,09";"4,39";"4,39";"4,49";"4,49";"4,49";"4,89";"5,24";"5,39";"5,39";"5,39";"5,39";"5,64";"5,64";"5,64";"5,64";"5,64";"5,64";"5,64";"5,64";"5,64";"5,74";"6,04";"6,04";"6,04";"6,04";"6,04";"6,04";"6,04";"6,04";"6,14";"6,05";"6,14";"6,14";"6,14";"6,14";"6,14";"6,14";"6,14";"6,14";"6,14";"6,14";"6,14";"6,14";"6,14";"6,14";"6,14";"6,14";"6,14";"6,14";"6,14";"6,14";"6,14";"6,14";"6,14";"6,14";"6,24";"6,40";"6,40";"6,40";"6,54";"6,74";"6,54";"6,54";"6,54";"6,95";"6,89";"6,89";"6,89";"7,04";"7,04";"7,04";"7,04";"7,04";"7,14";"7,14";"7,14";"7,14";"7,24";"7,24";"7,24";"7,24";"7,24";"7,24";"7,24";"7,24";"7,14";"7,14";"7,14";"7,05";"7,04";"7,04";"6,99";"6,99";"6,99";"6,99";"6,99";"6,99";"6,99";"6,99";"6,99";"6,99";"6,99";"6,99";"6,99";"6,99";"6,99";"6,99";"6,99";"6,99";"6,99";"6,99";"6,99";"6,95";"6,94";"6,94";"6,94";"6,94";"6,94";"6,94";"6,75";"6,75";"6,75";"6,74";"6,64";"6,54";"6,54";"6,54";"6,54";"6,54";"6,54";"6,54";"6,54";"6,54";"6,54";"6,54";"6,54";"6,54";"6,54";"6,54";"6,54";"6,54";"6,54";"6,54";"6,54";"6,54";"6,54";"6,54";"6,54";"6,54";"6,54";"6,54";"6,54";"6,54";"6,54";"6,54";"6,54";"6,54";"6,05";"6,05";"6,05";"6,05";"6,05";"6,05";"6,05";"6,05";"6,05";"6,05";"6,05";"6,05";"6,05";"6,05";"6,05";"6,05";"6,05";"6,05";"6,05";"6,05";"6,05";"6,05";"6,05";"6,05";"6,05";"6,05";"6,05";"6,05";"6,05";"6,05";"6,05";"6,05";"6,05";"6,05";"6,05";"6,05";"6,05";"6,05";"6,05";"6,05";"6,05";"6,05";"6,05";"6,05";"6,05";"6,05";"6,05";"6,05";"6,05";"6,05";"6,05";"6,05";"6,05";"6,05";"6,05";"6,05";"6,05";"6,05";"6,05";"6,05";"6,05";"6,05";"6,05";"6,05";"6,05";"6,05";"6,05";"6,05";"6,05";"6,05";"6,05";"6,05";".."
"Banques à charte - prêts hypothécaires ordinaires : à 5 ans";"5,19";"5,19";"5,19";"5,19";"5,19";"5,19";"5,19";"5,19";"5,19";"5,19";"5,19";"5,04";"5,04";"5,04";"5,04";"5,04";"5,04";"5,04";"5,04";"5,04";"4,94";"4,94";"4,94";"4,94";"4,94";"4,94";"4,94";"4,94";"4,94";"4,94";"4,94";"4,94";"4,79";"4,79";"4,79";"4,79";"4,79";"4,79";"4,79";"4,79";"4,79";"4,79";"4,79";"4,79";"4,79";"4,79";"4,79";"4,79";"4,79";"4,79";"4,79";"4,79";"4,79";"4,79";"4,79";"4,79";"4,79";"4,79";"4,79";"4,79";"4,79";"4,79";"4,79";"4,79";"4,79";"4,79";"4,79";"4,79";"4,79";"4,79";"4,79";"4,79";"4,79";"4,79";"4,79";"4,79";"4,79";"4,79";"4,79";"4,79";"4,79";"4,79";"4,79";"4,79";"4,79";"4,79";"4,79";"4,79";"4,79";"4,79";"4,79";"4,79";"4,79";"4,79";"4,79";"4,79";"4,79";"4,79";"4,79";"4,79";"4,79";"4,79";"4,79";"4,79";"4,79";"4,79";"4,79";"4,79";"4,79";"4,79";"4,79";"4,79";"4,79";"4,79";"4,79";"4,79";"4,79";"4,79";"4,79";"4,79";"4,99";"4,99";"4,99";"4,99";"4,99";"5,39";"5,39";"5,39";"5,64";"6,04";"6,04";"6,04";"6,04";"6,04";"6,14";"6,14";"6,14";"6,14";"6,14";"6,14";"6,14";"6,14";"6,14";"6,14";"6,14";"6,14";"6,49";"6,49";"6,49";"6,49";"6,49";"6,49";"6,49";"6,49";"6,49";"6,49";"6,49";"6,49";"6,49";"6,49";"6,49";"6,49";"6,49";"6,49";"6,49";"6,49";"6,49";"6,49";"6,49";"6,49";"6,49";"6,49";"6,49";"6,49";"6,49";"6,49";"6,49";"6,49";"6,49";"6,49";"6,49";"6,49";"6,49";"6,49";"6,49";"6,49";"6,49";"6,79";"6,79";"6,79";"6,79";"6,84";"6,84";"6,84";"6,84";"6,84";"7,04";"7,04";"7,04";"7,04";"7,04";"7,04";"7,04";"7,04";"7,04";"7,04";"7,04";"7,04";"7,04";"7,04";"7,04";"6,89";"6,89";"6,89";"6,79";"6,84";"6,84";"6,84";"6,84";"6,84";"6,84";"6,84";"6,84";"6,84";"6,84";"6,84";"6,84";"6,84";"6,84";"6,84";"6,84";"6,84";"6,84";"6,84";"6,84";"6,79";"6,79";"6,79";"6,79";"6,79";"6,79";"6,79";"6,59";"6,59";"6,59";"6,79";"6,49";"6,49";"6,49";"6,49";"6,49";"6,49";"6,49";"6,49";"6,49";"6,49";"6,49";"6,49";"6,49";"6,49";"6,49";"6,49";"6,49";"6,49";"6,49";"6,49";"6,49";"6,49";"6,49";"6,49";"6,49";"6,49";"6,49";"6,49";"6,49";"6,49";"6,49";"6,49";"6,49";"6,49";"6,09";"6,09";"6,09";"6,09";"6,09";"6,09";"6,09";"6,09";"6,09";"6,09";"6,09";"6,09";"6,09";"6,09";"6,09";"6,09";"6,09";"6,09";"6,09";"6,09";"6,09";"6,09";"6,09";"6,09";"6,09";"6,09";"6,09";"6,09";"6,09";"6,09";"6,09";"6,09";"6,09";"6,09";"6,09";"6,09";"6,09";"6,09";"6,09";"6,09";"6,09";"6,09";"6,09";"6,09";"6,09";"6,09";"6,09";"6,09";"6,09";"6,09";"6,09";"6,09";"6,09";"6,09";"6,09";"6,09";"6,09";"6,09";"6,09";"6,09";"6,09";"6,09";"6,09";"6,09";"6,09";"6,09";"6,09";"6,09";"6,09";"6,09";"6,09";"6,09";".."
"Banques à charte - dépôts à 5 ans des particuliers 1";"1,45";"1,45";"1,45";"1,45";"1,45";"1,45";"1,45";"1,45";"1,25";"1,28";"1,25";"0,88";"0,88";"1,25";"1,25";"1,25";"1,25";"1,25";"1,25";"1,25";"1,25";"1,25";"1,25";"1,25";"1,25";"1,25";"0,88";"0,88";"0,88";"0,88";"0,88";"0,88";"0,70";"0,70";"0,70";"0,70";"0,70";"0,70";"0,70";"0,70";"0,70";"0,70";"0,70";"0,70";"0,70";"0,70";"0,70";"0,70";"0,70";"0,70";"0,70";"0,70";"0,70";"0,70";"0,70";"0,70";"0,70";"0,70";"0,70";"0,70";"0,70";"0,70";"0,70";"0,70";"0,70";"0,70";"0,70";"0,70";"0,70";"0,70";"0,70";"0,70";"0,70";"0,70";"0,70";"0,70";"0,70";"0,70";"0,70";"0,70";"0,70";"0,70";"0,70";"0,70";"0,70";"0,70";"0,70";"0,70";"0,70";"0,70";"0,70";"0,70";"0,70";"0,70";"0,70";"0,70";"0,70";"0,70";"0,70";"0,70";"1,28";"1,28";"1,28";"1,28";"1,28";"1,28";"1,05";"1,05";"1,05";"1,05";"1,05";"1,15";"1,45";"1,45";"1,55";"1,55";"1,65";"1,90";"1,90";"1,90";"1,90";"1,90";"1,90";"1,90";"1,90";"1,90";"2,40";"2,40";"2,40";"2,40";"2,45";"2,45";"2,45";"2,95";"2,95";"3,40";"3,40";"3,40";"3,40";"3,40";"3,40";"3,40";"3,40";"3,40";"3,40";"3,40";"3,40";"3,40";"3,40";"3,40";"3,40";"3,40";"3,40";"3,40";"3,40";"3,40";"3,40";"3,40";"3,40";"3,40";"3,40";"3,40";"3,40";"3,40";"3,40";"3,40";"3,40";"3,40";"3,50";"2,75";"2,75";"2,75";"2,75";"2,75";"2,75";"2,75";"2,75";"2,75";"2,75";"2,75";"3,00";"3,00";"3,00";"3,00";"3,00";"3,00";"3,00";"3,00";"3,00";"3,00";"3,00";"3,00";"3,00";"3,17";"3,17";"3,17";"3,17";"3,40";"3,40";"3,40";"3,40";"3,40";"3,40";"3,40";"3,40";"3,17";"3,17";"3,17";"3,17";"3,17";"3,17";"3,17";"3,45";"3,45";"3,45";"3,45";"3,45";"3,45";"3,45";"3,45";"3,45";"3,45";"3,45";"3,45";"3,45";"3,45";"3,45";"3,45";"3,45";"3,45";"3,45";"3,45";"3,45";"3,45";"3,45";"3,45";"3,45";"3,45";"3,45";"3,45";"3,15";"3,15";"3,15";"3,15";"3,15";"2,90";"2,90";"2,80";"2,80";"2,80";"2,80";"2,80";"2,80";"2,80";"2,80";"2,90";"2,90";"2,90";"2,90";"2,65";"2,65";"2,65";"2,65";"2,65";"2,65";"2,65";"2,70";"2,70";"2,80";"2,80";"2,80";"2,80";"2,80";"2,80";"2,80";"2,65";"2,65";"2,65";"2,65";"2,65";"2,65";"2,65";"2,65";"2,65";"2,65";"2,65";"2,65";"2,65";"2,65";"2,65";"2,65";"2,65";"2,65";"2,65";"2,65";"2,65";"2,65";"2,65";"2,65";"2,65";"2,65";"2,65";"2,65";"2,65";"2,65";"2,65";"2,65";"2,65";"2,65";"2,65";"2,65";"2,65";"2,65";"2,65";"2,65";"2,65";"2,65";"2,65";"2,65";"2,65";"2,65";"2,65";"2,65";"2,65";"2,65";"2,65";"2,65";"2,65";"2,65";"2,65";"2,65";"2,65";"2,65";"2,65";"2,65";"2,65";"2,65";"2,65";"2,65";"2,65";"2,65";"2,65";"2,65";"2,65";"2,65";"2,65";"2,65";"2,65";"2,65";"2,65";"2,65";"2,65";".."
"Banques à charte - comptes d'épargne intérêt quotidien (soldes supérieurs à 100 000 $) 1";"0,05";"0,05";"0,05";"0,05";"0,05";"0,05";"0,05";"0,05";"0,05";"0,05";"0,05";"0,05";"0,05";"0,05";"0,05";"0,05";"0,05";"0,05";"0,05";"0,05";"0,01";"0,01";"0,01";"0,01";"0,01";"0,01";"0,01";"0,01";"0,01";"0,01";"0,01";"0,01";"0,01";"0,01";"0,01";"0,01";"0,01";"0,01";"0,01";"0,01";"0,01";"0,01";"0,01";"0,01";"0,01";"0,01";"0,01";"0,01";"0,01";"0,01";"0,01";"0,01";"0,01";"0,01";"0,01";"0,01";"0,01";"0,01";"0,01";"0,01";"0,01";"0,01";"0,01";"0,01";"0,01";"0,01";"0,01";"0,01";"0,01";"0,01";"0,01";"0,01";"0,01";"0,01";"0,01";"0,01";"0,01";"0,01";"0,01";"0,01";"0,01";"0,01";"0,01";"0,01";"0,01";"0,01";"0,01";"0,01";"0,01";"0,01";"0,01";"0,01";"0,01";"0,01";"0,01";"0,01";"0,01";"0,01";"0,01";"0,01";"0,01";"0,01";"0,01";"0,01";"0,01";"0,01";"0,01";"0,01";"0,01";"0,01";"0,01";"0,01";"0,01";"0,01";"0,01";"0,01";"0,01";"0,01";"0,01";"0,01";"0,01";"0,01";"0,01";"0,01";"0,01";"0,01";"0,01";"0,01";"0,01";"0,01";"0,01";"0,01";"0,01";"0,01";"0,01";"0,01";"0,01";"0,01";"0,01";"0,01";"0,01";"0,01";"0,01";"0,01";"0,01";"0,01";"0,01";"0,01";"0,01";"0,01";"0,01";"0,01";"0,01";"0,01";"0,01";"0,01";"0,01";"0,01";"0,01";"0,01";"0,01";"0,01";"0,01";"0,01";"0,01";"0,01";"0,01";"0,01";"0,01";"0,01";"0,01";"0,01";"0,01";"0,01";"0,01";"0,01";"0,01";"0,01";"0,01";"0,01";"0,01";"0,01";"0,01";"0,01";"0,01";"0,01";"0,01";"0,01";"0,01";"0,01";"0,01";"0,01";"0,01";"0,01";"0,01";"0,01";"0,01";"0,01";"0,01";"0,01";"0,01";"0,01";"0,01";"0,01";"0,01";"0,01";"0,01";"0,01";"0,01";"0,01";"0,01";"0,01";"0,01";"0,01";"0,01";"0,01";"0,01";"0,01";"0,01";"0,01";"0,01";"0,01";"0,01";"0,01";"0,01";"0,01";"0,01";"0,01";"0,01";"0,01";"0,01";"0,01";"0,01";"0,01";"0,01";"0,01";"0,01";"0,01";"0,01";"0,01";"0,01";"0,01";"0,01";"0,01";"0,01";"0,01";"0,01";"0,01";"0,01";"0,01";"0,01";"0,01";"0,01";"0,01";"0,01";"0,01";"0,01";"0,01";"0,01";"0,01";"0,01";"0,01";"0,01";"0,01";"0,01";"0,01";"0,01";"0,01";"0,01";"0,01";"0,01";"0,01";"0,01";"0,01";"0,01";"0,01";"0,01";"0,01";"0,01";"0,01";"0,01";"0,01";"0,01";"0,01";"0,01";"0,01";"0,01";"0,01";"0,01";"0,01";"0,01";"0,01";"0,01";"0,01";"0,01";"0,01";"0,01";"0,01";"0,01";"0,01";"0,01";"0,01";"0,01";"0,01";"0,01";"0,01";"0,01";"0,01";"0,01";"0,01";"0,01";"0,01";"0,01";"0,01";"0,01";"0,01";"0,01";"0,01";"0,01";"0,01";"0,01";"0,01";"0,01";"0,01";"0,01";"0,01";"0,01";"0,01";"0,01";"0,01";"0,01";"0,01";"0,01";"0,01";"0,01";"0,01";"0,01";"0,01";"0,01";"0,01";"0,01";"0,01";"0,01";"0,01";"0,01";"0,01";"0,01";"0,01";"0,01";"0,01";"0,01";"0,01";".."
"Banques à charte - dépôts d'épargne non transférables par chèque 1";"0,05";"0,05";"0,05";"0,05";"0,05";"0,05";"0,05";"0,05";"0,05";"0,05";"0,05";"0,05";"0,05";"0,05";"0,05";"0,05";"0,05";"0,05";"0,05";"0,05";"0,01";"0,01";"0,01";"0,01";"0,01";"0,01";"0,01";"0,01";"0,01";"0,01";"0,01";"0,01";"0,01";"0,01";"0,01";"0,01";"0,01";"0,01";"0,01";"0,01";"0,01";"0,01";"0,01";"0,01";"0,01";"0,01";"0,01";"0,01";"0,01";"0,01";"0,01";"0,01";"0,01";"0,01";"0,01";"0,01";"0,01";"0,01";"0,01";"0,01";"0,01";"0,01";"0,01";"0,01";"0,01";"0,01";"0,01";"0,01";"0,01";"0,01";"0,01";"0,01";"0,01";"0,01";"0,01";"0,01";"0,01";"0,01";"0,01";"0,01";"0,01";"0,01";"0,01";"0,01";"0,01";"0,01";"0,01";"0,01";"0,01";"0,01";"0,01";"0,01";"0,01";"0,01";"0,01";"0,01";"0,01";"0,01";"0,01";"0,01";"0,01";"0,01";"0,01";"0,01";"0,01";"0,01";"0,01";"0,01";"0,01";"0,01";"0,01";"0,01";"0,01";"0,01";"0,01";"0,01";"0,01";"0,01";"0,01";"0,01";"0,01";"0,01";"0,01";"0,01";"0,01";"0,01";"0,01";"0,01";"0,01";"0,01";"0,01";"0,01";"0,01";"0,01";"0,01";"0,01";"0,01";"0,01";"0,01";"0,01";"0,01";"0,01";"0,01";"0,01";"0,01";"0,01";"0,01";"0,01";"0,01";"0,01";"0,01";"0,01";"0,01";"0,01";"0,01";"0,01";"0,01";"0,01";"0,01";"0,01";"0,01";"0,01";"0,01";"0,01";"0,01";"0,01";"0,01";"0,01";"0,01";"0,01";"0,01";"0,01";"0,01";"0,01";"0,01";"0,01";"0,01";"0,01";"0,01";"0,01";"0,01";"0,01";"0,01";"0,01";"0,01";"0,01";"0,01";"0,01";"0,01";"0,01";"0,01";"0,01";"0,01";"0,01";"0,01";"0,01";"0,01";"0,01";"0,01";"0,01";"0,01";"0,01";"0,01";"0,01";"0,01";"0,01";"0,01";"0,01";"0,01";"0,01";"0,01";"0,01";"0,01";"0,01";"0,01";"0,01";"0,01";"0,01";"0,01";"0,01";"0,01";"0,01";"0,01";"0,01";"0,01";"0,01";"0,01";"0,01";"0,01";"0,01";"0,01";"0,01";"0,01";"0,01";"0,01";"0,01";"0,01";"0,01";"0,01";"0,01";"0,01";"0,01";"0,01";"0,01";"0,01";"0,01";"0,01";"0,01";"0,01";"0,01";"0,01";"0,01";"0,01";"0,01";"0,01";"0,01";"0,01";"0,01";"0,01";"0,01";"0,01";"0,01";"0,01";"0,01";"0,01";"0,01";"0,01";"0,01";"0,01";"0,01";"0,01";"0,01";"0,01";"0,01";"0,01";"0,01";"0,01";"0,01";"0,01";"0,01";"0,01";"0,01";"0,01";"0,01";"0,01";"0,01";"0,01";"0,01";"0,01";"0,01";"0,01";"0,01";"0,01";"0,01";"0,01";"0,01";"0,01";"0,01";"0,01";"0,01";"0,01";"0,01";"0,01";"0,01";"0,01";"0,01";"0,01";"0,01";"0,01";"0,01";"0,01";"0,01";"0,01";"0,01";"0,01";"0,01";"0,01";"0,01";"0,01";"0,01";"0,01";"0,01";"0,01";"0,01";"0,01";"0,01";"0,01";"0,01";"0,01";"0,01";"0,01";"0,01";"0,01";"0,01";"0,01";"0,01";"0,01";"0,01";"0,01";"0,01";"0,01";"0,01";"0,01";"0,01";"0,01";"0,01";"0,01";"0,01";"0,01";"0,01";"0,01";"0,01";".."
"Banques à charte - Certificats de placement garanties - à 1 an 1";"1,35";"1,35";"1,35";"1,35";"1,35";"1,35";"1,35";"1,35";"1,35";"1,45";"1,25";"0,75";"1,00";"1,00";"1,00";"1,00";"0,75";"0,75";"0,75";"0,75";"0,75";"0,75";"0,75";"0,75";"0,75";"0,75";"0,55";"0,55";"0,55";"0,55";"0,55";"0,55";"0,43";"0,43";"0,43";"0,43";"0,35";"0,35";"0,35";"0,35";"0,35";"0,35";"0,35";"0,35";"0,35";"0,35";"0,35";"0,35";"0,35";"0,35";"0,35";"0,35";"0,35";"0,35";"0,35";"0,35";"0,35";"0,35";"0,35";"0,35";"0,30";"0,30";"0,30";"0,25";"0,25";"0,25";"0,25";"0,25";"0,25";"0,25";"0,25";"0,25";"0,25";"0,25";"0,25";"0,25";"0,25";"0,25";"0,25";"0,25";"0,25";"0,25";"0,25";"0,25";"0,25";"0,25";"0,25";"0,25";"0,25";"0,25";"0,25";"0,25";"0,25";"0,25";"0,25";"0,25";"0,25";"0,25";"0,25";"0,25";"0,35";"0,35";"0,35";"0,35";"0,35";"0,35";"0,40";"0,40";"0,40";"0,40";"0,40";"0,60";"0,60";"0,60";"0,65";"0,78";"0,78";"0,95";"1,20";"1,25";"1,25";"1,25";"1,25";"1,25";"1,25";"1,25";"1,25";"1,25";"1,25";"1,25";"2,00";"2,00";"2,00";"1,95";"2,00";"2,00";"2,00";"2,00";"2,00";"2,00";"2,00";"2,00";"2,00";"2,00";"2,00";"2,00";"2,00";"2,00";"2,00";"3,03";"3,00";"3,00";"3,00";"3,00";"3,00";"3,00";"3,00";"3,00";"3,00";"3,00";"3,00";"3,00";"3,00";"3,00";"3,00";"3,00";"3,00";"3,00";"3,03";"3,03";"3,03";"3,03";"3,03";"3,03";"3,03";"3,03";"3,03";"3,03";"4,45";"4,45";"4,45";"4,45";"4,45";"3,25";"3,25";"3,25";"3,25";"3,25";"3,25";"5,10";"5,10";"5,10";"5,10";"5,10";"5,10";"5,10";"4,92";"4,92";"4,92";"4,92";"4,90";"4,90";"4,90";"4,90";"4,90";"4,90";"4,90";"4,65";"4,65";"4,65";"4,65";"4,65";"4,60";"4,60";"4,60";"4,60";"4,60";"4,60";"4,60";"4,60";"4,60";"4,60";"4,60";"4,60";"4,60";"4,40";"4,40";"4,40";"4,00";"4,00";"4,00";"4,00";"4,00";"4,00";"4,00";"4,00";"4,00";"4,00";"4,00";"4,00";"4,00";"3,90";"3,90";"3,90";"3,90";"3,75";"3,75";"3,65";"3,65";"3,65";"3,40";"3,40";"3,40";"3,35";"3,35";"3,32";"3,30";"3,30";"3,30";"3,00";"3,00";"3,00";"3,00";"3,00";"3,00";"3,00";"2,95";"2,90";"2,90";"2,70";"2,70";"2,70";"2,70";"2,70";"2,70";"2,85";"2,75";"2,75";"2,70";"2,62";"2,62";"2,62";"2,62";"2,62";"2,62";"2,62";"2,62";"2,62";"2,62";"2,62";"2,62";"2,62";"2,62";"2,62";"2,62";"2,62";"2,62";"2,62";"2,55";"2,62";"2,45";"2,42";"2,42";"2,40";"2,45";"2,45";"2,45";"2,45";"2,45";"2,45";"2,45";"2,45";"2,45";"2,45";"2,45";"2,45";"2,45";"2,45";"2,45";"2,45";"2,45";"2,45";"2,45";"2,45";"2,45";"2,45";"2,70";"2,70";"2,70";"2,70";"2,70";"2,70";"2,70";"2,70";"2,70";"2,70";"2,70";"2,70";"2,70";"2,70";"2,70";"2,70";"2,70";"2,70";"2,70";"2,70";"2,45";"2,45";"2,45";"2,45";"2,60";"2,60";".."
"Banques à charte - Certificats de placement garanties - à 3 ans 1";"1,80";"1,80";"1,80";"1,80";"1,80";"1,80";"1,80";"1,80";"1,80";"1,35";"1,35";"0,85";"1,15";"1,15";"1,15";"1,15";"1,15";"1,15";"1,15";"1,15";"1,15";"1,15";"1,15";"1,05";"1,05";"1,00";"0,85";"0,85";"0,80";"0,75";"0,75";"0,75";"0,70";"0,70";"0,60";"0,60";"0,60";"0,60";"0,60";"0,60";"0,60";"0,60";"0,60";"0,60";"0,60";"0,60";"0,60";"0,60";"0,60";"0,60";"0,60";"0,60";"0,60";"0,60";"0,60";"0,60";"0,60";"0,50";"0,50";"0,50";"0,50";"0,50";"0,50";"0,50";"0,50";"0,50";"0,50";"0,50";"0,50";"0,50";"0,50";"0,50";"0,60";"0,60";"0,60";"0,60";"0,60";"0,60";"0,60";"0,60";"0,60";"0,60";"0,60";"0,60";"0,60";"0,60";"0,60";"0,60";"0,60";"0,60";"0,60";"0,60";"0,60";"0,60";"0,60";"0,60";"0,60";"0,60";"0,60";"0,60";"0,75";"0,75";"0,80";"0,95";"0,95";"0,95";"0,95";"0,95";"0,95";"0,95";"0,95";"1,25";"1,35";"1,35";"1,28";"1,30";"1,30";"2,10";"1,75";"1,75";"1,75";"1,75";"1,75";"2,20";"2,20";"2,20";"2,20";"2,20";"2,20";"2,20";"2,75";"2,75";"2,75";"2,75";"2,75";"2,75";"2,75";"2,75";"2,75";"2,75";"2,75";"2,75";"2,75";"2,75";"2,75";"2,75";"2,75";"2,75";"2,75";"2,95";"3,75";"3,75";"3,75";"3,75";"3,75";"3,75";"3,75";"3,75";"3,75";"3,75";"3,75";"3,13";"3,13";"3,13";"3,13";"3,13";"3,13";"2,95";"3,13";"3,13";"3,13";"3,13";"3,13";"3,13";"3,30";"3,30";"3,30";"3,30";"3,30";"3,30";"3,50";"3,50";"3,50";"3,50";"3,50";"3,50";"3,50";"3,60";"3,60";"4,00";"4,00";"4,00";"4,00";"4,02";"4,02";"4,02";"4,02";"4,02";"4,02";"4,02";"4,02";"4,02";"4,02";"4,02";"4,02";"4,02";"4,65";"4,00";"4,00";"4,40";"4,00";"3,92";"3,92";"3,92";"3,92";"3,92";"3,92";"3,92";"3,92";"3,92";"3,92";"3,92";"3,92";"3,92";"3,92";"3,92";"3,92";"3,92";"3,92";"3,92";"3,92";"3,92";"3,92";"3,90";"3,90";"3,90";"3,90";"3,90";"3,90";"3,90";"3,65";"3,52";"3,52";"3,52";"3,52";"3,40";"3,40";"3,30";"3,30";"3,10";"3,10";"3,10";"3,10";"3,10";"3,10";"3,20";"3,20";"3,20";"3,20";"3,07";"2,97";"2,97";"2,97";"2,97";"2,97";"2,97";"2,90";"2,90";"3,05";"3,05";"2,90";"2,90";"2,90";"2,90";"2,80";"2,80";"2,75";"2,75";"2,70";"2,65";"2,65";"2,65";"2,65";"2,65";"2,65";"2,65";"2,65";"2,65";"2,65";"2,65";"2,67";"2,67";"2,67";"2,67";"2,67";"2,67";"2,67";"2,70";"2,67";"2,67";"2,67";"2,52";"2,52";"2,45";"2,45";"2,45";"2,45";"2,45";"2,45";"2,45";"2,45";"2,52";"2,52";"2,52";"2,52";"2,52";"2,52";"2,52";"2,52";"2,52";"2,52";"2,45";"2,45";"2,75";"2,52";"2,52";"2,75";"2,75";"2,75";"2,75";"2,75";"2,75";"2,75";"2,75";"2,75";"2,75";"2,55";"2,55";"2,55";"2,55";"2,55";"2,55";"2,55";"2,55";"2,55";"2,55";"2,55";"2,55";"2,55";"2,55";"2,75";"2,75";".."
"Banques à charte - Certificats de placement garanties - à 5 ans 1";"2,00";"2,00";"2,00";"2,00";"2,00";"2,00";"2,00";"2,00";"2,00";"2,00";"1,50";"0,95";"1,50";"1,48";"1,48";"1,48";"1,50";"1,50";"1,50";"1,50";"1,50";"1,50";"1,50";"1,50";"1,50";"1,50";"1,13";"1,13";"1,05";"1,05";"1,05";"1,00";"0,95";"0,95";"0,95";"0,95";"0,85";"0,85";"0,85";"0,85";"0,85";"0,85";"0,85";"0,85";"0,85";"0,85";"0,85";"0,85";"0,85";"0,95";"0,95";"0,80";"0,80";"0,80";"0,80";"0,80";"0,80";"0,80";"0,80";"0,80";"0,80";"0,80";"0,85";"0,95";"1,05";"1,05";"1,05";"1,00";"1,00";"1,00";"1,00";"1,00";"1,00";"1,00";"1,00";"1,00";"1,00";"1,00";"1,00";"1,00";"1,00";"1,00";"1,00";"1,00";"1,00";"1,00";"1,00";"1,00";"1,00";"1,00";"1,00";"1,00";"1,00";"1,00";"1,00";"1,00";"1,00";"1,00";"1,00";"1,00";"1,18";"1,18";"1,18";"1,25";"1,25";"1,25";"1,75";"1,75";"1,75";"1,75";"1,75";"1,65";"1,75";"1,75";"1,85";"1,85";"1,85";"2,28";"2,35";"2,50";"2,50";"2,50";"2,50";"2,50";"2,50";"2,50";"2,50";"2,50";"2,50";"2,95";"2,95";"2,95";"2,95";"3,45";"3,45";"3,45";"3,45";"3,45";"3,45";"3,45";"3,45";"3,45";"3,45";"3,45";"3,45";"3,45";"3,45";"3,45";"3,45";"3,45";"3,45";"3,45";"3,45";"3,45";"3,45";"3,45";"3,45";"3,45";"3,45";"3,45";"3,23";"3,23";"3,23";"3,23";"3,23";"3,23";"3,23";"3,15";"3,23";"3,23";"3,23";"3,23";"3,23";"3,23";"3,40";"3,40";"3,40";"3,40";"3,40";"3,40";"3,75";"3,75";"3,75";"3,75";"3,75";"3,75";"3,75";"3,75";"3,75";"4,35";"4,35";"4,35";"4,35";"4,35";"4,35";"4,35";"4,27";"4,27";"4,27";"4,27";"4,27";"4,27";"4,27";"4,27";"4,90";"4,27";"4,65";"4,30";"3,90";"3,90";"3,90";"4,15";"3,95";"3,95";"3,95";"3,95";"3,95";"3,95";"3,95";"3,95";"3,95";"3,95";"3,95";"3,95";"3,95";"3,95";"3,95";"3,95";"3,95";"3,95";"3,95";"3,95";"3,95";"3,95";"3,95";"3,95";"3,95";"3,95";"3,95";"3,85";"3,62";"3,50";"3,50";"3,50";"3,50";"3,35";"3,35";"3,30";"3,30";"3,30";"3,30";"3,30";"3,30";"3,30";"3,30";"3,20";"3,20";"3,20";"3,20";"3,20";"3,20";"3,20";"3,20";"3,20";"3,20";"3,20";"3,20";"3,20";"3,20";"3,25";"3,25";"3,25";"3,25";"3,25";"3,25";"2,90";"2,90";"2,90";"2,90";"2,90";"2,90";"2,90";"2,90";"2,90";"2,90";"2,90";"2,90";"2,90";"2,90";"2,90";"2,90";"2,90";"2,90";"2,90";"2,90";"2,90";"2,90";"2,90";"2,90";"2,90";"2,90";"2,75";"2,75";"2,75";"2,75";"2,75";"2,75";"2,75";"2,75";"2,75";"2,75";"2,75";"2,75";"2,75";"2,75";"2,75";"2,75";"2,75";"2,75";"2,75";"2,75";"2,75";"2,75";"2,75";"2,75";"2,75";"2,75";"2,75";"2,75";"2,75";"2,75";"2,75";"2,75";"2,75";"2,75";"2,75";"2,75";"2,75";"2,75";"2,75";"2,75";"2,75";"2,75";"2,75";"2,75";"2,75";"2,75";"2,75";"2,75";"2,75";"3,00";"3,00";".."
"Bons du trésor : à 1 mois";"1,65";"1,62";"1,63";"1,63";"1,66";"1,65";"1,75";"1,68";"1,62";"1,14";"0,86";"0,30";"0,59";"0,16";"0,19";"0,20";"0,18";"0,21";"0,20";"0,20";"0,20";"0,19";"0,16";"0,15";"0,15";"0,15";"0,16";"0,19";"0,17";"0,17";"0,16";"0,16";"0,16";"0,16";"0,16";"0,14";"0,15";"0,14";"0,15";"0,18";"0,13";"0,10";"0,09";"0,12";"0,10";"0,10";"0,11";"0,16";"0,10";"0,12";"0,10";"0,09";"0,04";"0,04";"0,07";"0,06";"0,05";"0,07";"0,09";"0,08";"0,09";"0,09";"0,10";"0,10";"0,07";"0,06";"0,07";"0,07";"0,07";"0,07";"0,06";"0,07";"0,18";"0,08";"0,10";"0,10";"0,10";"0,14";"0,14";"0,16";"0,16";"0,18";"0,16";"0,18";"0,15";"0,19";"0,19";"0,19";"0,19";"0,19";"0,20";"0,20";"0,14";"0,14";"0,16";"0,16";"0,19";"0,15";"0,07";"0,19";"0,05";"0,04";"0,03";"0,18";"0,07";"0,10";"0,13";"0,39";"0,21";"0,13";"0,15";"0,17";"0,16";"0,38";"0,39";"0,46";"0,34";"0,36";"0,57";"0,87";"0,85";"0,86";"0,92";"0,88";"0,96";"0,94";"1,33";"1,35";"1,43";"1,41";"1,54";"1,59";"2,33";"2,31";"2,44";"2,31";"2,33";"2,35";"2,55";"2,85";"3,04";"3,11";"3,14";"3,12";"3,19";"3,26";"3,59";"3,71";"3,56";"3,57";"3,60";"3,65";"3,73";"4,04";"3,99";"4,12";"4,13";"4,14";"4,19";"4,34";"4,26";"4,38";"4,43";"4,40";"4,40";"4,41";"4,37";"4,33";"4,27";"4,27";"4,27";"4,26";"4,29";"4,25";"4,28";"4,31";"4,49";"4,89";"4,57";"4,66";"4,63";"4,67";"4,70";"4,72";"4,80";"4,86";"4,88";"4,87";"4,86";"4,91";"5,02";"4,93";"4,92";"4,94";"4,87";"4,90";"4,92";"4,96";"4,96";"4,96";"4,93";"4,96";"4,89";"4,94";"4,94";"5,01";"4,91";"4,94";"4,93";"4,93";"4,90";"4,97";"5,05";"5,06";"4,84";"4,93";"4,95";"4,94";"4,88";"4,80";"4,93";"4,97";"4,98";"4,93";"4,89";"4,91";"4,96";"4,91";"4,86";"4,82";"4,83";"4,71";"4,67";"4,73";"4,66";"4,68";"4,63";"4,63";"4,47";"4,48";"4,36";"4,39";"4,30";"4,27";"4,12";"4,20";"4,16";"4,17";"4,08";"4,07";"3,89";"3,71";"3,69";"3,74";"3,71";"3,70";"3,56";"3,52";"3,22";"3,17";"3,17";"3,19";"3,14";"3,14";"3,09";"2,99";"2,88";"2,93";"2,95";"2,90";"2,78";"2,69";"2,66";"2,68";"2,64";"2,64";"2,66";"2,70";"2,69";"2,69";"2,67";"2,67";"2,67";"2,66";"2,67";"2,66";"2,68";"2,67";"2,68";"2,68";"2,68";"2,69";"2,66";"2,64";"2,65";"2,66";"2,65";"2,56";"2,47";"2,41";"2,41";"2,38";"2,39";"2,33";"2,27";"2,18";"2,21";"2,20";"2,23";"2,19";"2,20";"2,12";"2,12";"2,09";"2,17";"2,13";"2,16";"2,14";"2,16";"2,15";"2,15";"2,15";"2,20";"2,17";"2,20";"2,27";"2,28";"2,23";"2,26";"2,24";"2,27";"2,24";"2,27";"2,24";"2,26";"2,25";"2,26";"2,23";"2,25";"2,24";"2,25";"2,22";"2,23";"2,24";"2,27";"2,26";"2,27";"2,24";"2,27";"2,26";"2,27";"2,25";"2,32"
"Bons du trésor : à 2 mois";"1,66";"1,65";"1,64";"1,64";"1,63";"1,63";"1,64";"1,64";"1,62";"1,15";"0,75";"0,36";"0,57";"0,16";"0,17";"0,19";"0,18";"0,20";"0,20";"0,20";"0,20";"0,20";"0,14";"0,21";"0,15";"0,18";"0,17";"0,19";"0,17";"0,17";"0,16";"0,16";"0,16";"0,16";"0,15";"0,15";"0,15";"0,14";"0,14";"0,14";"0,12";"0,11";"0,09";"0,10";"0,11";"0,11";"0,11";"0,12";"0,11";"0,11";"0,10";"0,08";"0,04";"0,06";"0,06";"0,06";"0,05";"0,07";"0,08";"0,08";"0,10";"0,11";"0,11";"0,10";"0,08";"0,07";"0,08";"0,08";"0,06";"0,08";"0,07";"0,06";"0,05";"0,07";"0,10";"0,10";"0,11";"0,13";"0,13";"0,15";"0,14";"0,14";"0,15";"0,17";"0,17";"0,18";"0,21";"0,15";"0,14";"0,13";"0,11";"0,12";"0,12";"0,12";"0,11";"0,13";"0,14";"0,14";"0,13";"0,10";"0,03";"0,02";"0,01";"0,08";"0,10";"0,10";"0,19";"0,37";"0,24";"0,18";"0,17";"0,20";"0,23";"0,44";"0,43";"0,42";"0,44";"0,47";"0,68";"0,90";"0,97";"1,10";"1,24";"1,17";"1,20";"1,20";"1,40";"1,47";"1,72";"1,74";"1,91";"1,94";"2,37";"2,38";"2,45";"2,42";"2,54";"2,55";"2,77";"3,02";"3,15";"3,16";"3,25";"3,30";"3,36";"3,44";"3,73";"3,77";"3,74";"3,81";"3,71";"3,79";"3,86";"4,10";"4,05";"4,12";"4,19";"4,16";"4,25";"4,33";"4,31";"4,38";"4,44";"4,42";"4,46";"4,44";"4,46";"4,34";"4,34";"4,31";"4,30";"4,33";"4,41";"4,34";"4,37";"4,40";"4,41";"4,51";"4,61";"4,75";"4,73";"4,78";"4,78";"4,77";"4,88";"4,88";"4,97";"4,94";"4,98";"5,03";"5,01";"5,02";"4,98";"4,96";"5,00";"4,98";"5,04";"5,02";"5,05";"5,05";"4,92";"4,90";"4,91";"5,02";"4,99";"5,04";"4,91";"4,89";"4,84";"4,88";"4,93";"5,00";"5,05";"4,91";"4,96";"4,91";"4,97";"4,95";"4,90";"4,88";"4,92";"4,99";"4,94";"4,93";"4,88";"4,92";"4,93";"4,91";"4,88";"4,84";"4,82";"4,68";"4,66";"4,61";"4,64";"4,63";"4,61";"4,54";"4,45";"4,45";"4,33";"4,26";"4,24";"4,21";"4,09";"4,10";"4,08";"4,08";"4,00";"3,96";"3,81";"3,64";"3,57";"3,58";"3,56";"3,55";"3,44";"3,38";"3,15";"3,13";"3,14";"3,15";"3,13";"3,12";"3,05";"2,93";"2,85";"2,86";"2,90";"2,88";"2,73";"2,65";"2,65";"2,65";"2,61";"2,62";"2,65";"2,68";"2,66";"2,65";"2,63";"2,64";"2,65";"2,65";"2,66";"2,65";"2,67";"2,66";"2,66";"2,68";"2,68";"2,68";"2,64";"2,64";"2,64";"2,65";"2,64";"2,52";"2,44";"2,42";"2,42";"2,37";"2,39";"2,32";"2,25";"2,23";"2,20";"2,18";"2,16";"2,16";"2,19";"2,17";"2,15";"2,16";"2,17";"2,16";"2,17";"2,16";"2,17";"2,18";"2,17";"2,17";"2,20";"2,21";"2,21";"2,28";"2,28";"2,25";"2,25";"2,26";"2,27";"2,28";"2,30";"2,28";"2,28";"2,27";"2,26";"2,26";"2,26";"2,26";"2,26";"2,24";"2,25";"2,26";"2,27";"2,27";"2,27";"2,26";"2,27";"2,28";"2,31";"2,32";".."
"Bons du trésor : à 3 mois";"1,66";"1,65";"1,64";"1,64";"1,64";"1,64";"1,64";"1,64";"1,61";"1,14";"0,64";"0,42";"0,49";"0,20";"0,22";"0,30";"0,25";"0,26";"0,22";"0,27";"0,23";"0,22";"0,19";"0,18";"0,19";"0,21";"0,20";"0,19";"0,18";"0,17";"0,16";"0,17";"0,16";"0,16";"0,14";"0,15";"0,15";"0,15";"0,14";"0,12";"0,11";"0,10";"0,10";"0,09";"0,10";"0,10";"0,11";"0,12";"0,12";"0,13";"0,12";"0,09";"0,07";"0,06";"0,06";"0,05";"0,06";"0,06";"0,08";"0,08";"0,11";"0,12";"0,11";"0,11";"0,10";"0,09";"0,09";"0,09";"0,09";"0,10";"0,10";"0,10";"0,09";"0,10";"0,12";"0,11";"0,12";"0,14";"0,15";"0,16";"0,17";"0,17";"0,17";"0,17";"0,17";"0,19";"0,18";"0,12";"0,15";"0,15";"0,12";"0,12";"0,12";"0,11";"0,12";"0,13";"0,14";"0,13";"0,11";"0,09";"0,04";"0,03";"0,04";"0,12";"0,16";"0,20";"0,23";"0,47";"0,32";"0,29";"0,30";"0,34";"0,37";"0,59";"0,55";"0,58";"0,53";"0,58";"0,81";"0,97";"1,09";"1,32";"1,41";"1,34";"1,35";"1,37";"1,50";"1,66";"1,96";"1,96";"2,09";"2,10";"2,50";"2,53";"2,65";"2,59";"2,82";"2,81";"3,10";"3,22";"3,29";"3,34";"3,50";"3,55";"3,60";"3,70";"3,88";"3,86";"3,92";"3,95";"4,00";"4,01";"4,06";"4,13";"4,12";"4,17";"4,25";"4,23";"4,31";"4,39";"4,37";"4,36";"4,46";"4,48";"4,50";"4,48";"4,48";"4,34";"4,34";"4,30";"4,36";"4,34";"4,39";"4,38";"4,42";"4,41";"4,47";"4,50";"4,59";"4,80";"4,83";"4,81";"4,89";"4,85";"4,91";"4,98";"5,00";"5,02";"5,01";"5,06";"5,10";"5,08";"5,02";"4,98";"5,08";"5,07";"5,10";"5,03";"5,11";"5,08";"5,03";"4,98";"4,98";"4,99";"5,00";"4,93";"4,98";"4,99";"4,89";"4,94";"4,92";"4,97";"4,97";"4,94";"4,96";"4,96";"4,98";"4,96";"4,91";"4,86";"4,95";"4,99";"4,98";"4,92";"4,89";"4,91";"4,93";"4,90";"4,87";"4,83";"4,81";"4,66";"4,65";"4,64";"4,64";"4,62";"4,60";"4,50";"4,43";"4,39";"4,27";"4,25";"4,22";"4,19";"4,06";"4,06";"4,03";"4,02";"3,91";"3,89";"3,69";"3,55";"3,51";"3,51";"3,50";"3,49";"3,42";"3,35";"3,14";"3,14";"3,15";"3,16";"3,11";"3,10";"3,03";"2,89";"2,83";"2,84";"2,86";"2,84";"2,72";"2,64";"2,64";"2,64";"2,60";"2,59";"2,64";"2,64";"2,64";"2,62";"2,60";"2,62";"2,65";"2,64";"2,67";"2,66";"2,67";"2,65";"2,64";"2,66";"2,68";"2,68";"2,66";"2,65";"2,65";"2,66";"2,63";"2,50";"2,42";"2,42";"2,42";"2,34";"2,37";"2,31";"2,23";"2,18";"2,20";"2,20";"2,16";"2,16";"2,19";"2,17";"2,15";"2,15";"2,21";"2,19";"2,18";"2,18";"2,19";"2,17";"2,17";"2,18";"2,20";"2,21";"2,22";"2,29";"2,29";"2,27";"2,26";"2,26";"2,28";"2,29";"2,30";"2,29";"2,29";"2,29";"2,28";"2,26";"2,26";"2,26";"2,25";"2,25";"2,26";"2,27";"2,28";"2,28";"2,29";"2,27";"2,27";"2,29";"2,34";"2,35";"2,39"
"Bons du trésor : à 6 mois";"1,72";"1,68";"1,68";"1,66";"1,64";"1,65";"1,65";"1,64";"1,59";"1,11";"0,58";"0,40";"0,45";"0,31";"0,38";"0,33";"0,29";"0,30";"0,22";"0,28";"0,28";"0,26";"0,23";"0,22";"0,23";"0,24";"0,23";"0,24";"0,21";"0,19";"0,19";"0,18";"0,18";"0,17";"0,17";"0,18";"0,17";"0,18";"0,18";"0,16";"0,13";"0,11";"0,11";"0,12";"0,15";"0,12";"0,13";"0,13";"0,15";"0,13";"0,15";"0,12";"0,10";"0,10";"0,10";"0,09";"0,09";"0,09";"0,09";"0,10";"0,14";"0,16";"0,15";"0,15";"0,13";"0,12";"0,11";"0,13";"0,14";"0,15";"0,15";"0,14";"0,12";"0,13";"0,15";"0,16";"0,16";"0,18";"0,17";"0,19";"0,20";"0,19";"0,19";"0,19";"0,18";"0,19";"0,17";"0,18";"0,17";"0,18";"0,15";"0,16";"0,16";"0,20";"0,20";"0,26";"0,31";"0,28";"0,35";"0,32";"0,23";"0,38";"0,22";"0,38";"0,38";"0,41";"0,54";"0,69";"0,59";"0,58";"0,70";"0,83";"0,81";"0,83";"0,83";"1,03";"1,04";"1,32";"1,30";"1,43";"1,63";"1,75";"1,99";"1,89";"1,94";"1,90";"2,07";"2,33";"2,53";"2,52";"2,65";"2,68";"2,95";"3,05";"3,05";"3,17";"3,11";"3,27";"3,39";"3,44";"3,47";"3,63";"3,76";"3,78";"3,71";"3,90";"4,16";"4,05";"4,03";"4,28";"4,24";"4,24";"4,22";"4,22";"4,23";"4,31";"4,36";"4,39";"4,47";"4,45";"4,44";"4,51";"4,60";"4,60";"4,56";"4,58";"4,56";"4,19";"4,31";"4,34";"4,35";"4,42";"4,55";"4,47";"4,41";"4,44";"4,52";"4,58";"4,65";"4,90";"4,93";"5,00";"4,93";"4,98";"5,04";"5,08";"5,08";"5,13";"5,12";"5,20";"5,13";"5,12";"5,06";"5,13";"5,18";"5,18";"5,09";"5,16";"5,15";"5,11";"4,99";"5,01";"5,01";"5,01";"4,93";"4,95";"4,87";"4,94";"4,92";"4,94";"4,81";"4,88";"4,85";"4,98";"4,89";"4,97";"4,91";"4,76";"4,88";"4,86";"4,90";"4,90";"4,91";"4,89";"4,86";"4,86";"4,86";"4,80";"4,82";"4,72";"4,79";"4,65";"4,53";"4,54";"4,61";"4,62";"4,50";"4,40";"4,35";"4,29";"4,15";"4,12";"4,06";"4,05";"3,95";"3,80";"3,73";"3,73";"3,71";"3,76";"3,56";"3,46";"3,42";"3,41";"3,37";"3,39";"3,37";"3,28";"3,11";"3,12";"3,13";"3,09";"3,06";"3,08";"2,98";"2,90";"2,73";"2,81";"2,86";"2,80";"2,68";"2,64";"2,64";"2,65";"2,58";"2,61";"2,59";"2,64";"2,60";"2,59";"2,56";"2,60";"2,62";"2,62";"2,66";"2,66";"2,65";"2,65";"2,64";"2,71";"2,71";"2,71";"2,68";"2,66";"2,65";"2,66";"2,61";"2,49";"2,43";"2,41";"2,39";"2,37";"2,37";"2,30";"2,26";"2,21";"2,24";"2,24";"2,20";"2,21";"2,28";"2,22";"2,23";"2,24";"2,27";"2,25";"2,24";"2,24";"2,25";"2,23";"2,21";"2,23";"2,26";"2,29";"2,28";"2,39";"2,36";"2,35";"2,36";"2,34";"2,42";"2,41";"2,36";"2,37";"2,39";"2,36";"2,35";"2,33";"2,33";"2,34";"2,35";"2,36";"2,36";"2,36";"2,38";"2,38";"2,41";"2,37";"2,43";"2,45";"2,57";"2,60";"2,63"
"Bons du trésor : à 1 an";"1,74";"1,72";"1,71";"1,67";"1,62";"1,64";"1,64";"1,63";"1,51";"1,04";"0,55";"0,37";"0,44";"0,35";"0,48";"0,42";"0,36";"0,32";"0,35";"0,30";"0,31";"0,29";"0,27";"0,28";"0,26";"0,28";"0,28";"0,28";"0,27";"0,24";"0,23";"0,22";"0,21";"0,21";"0,22";"0,22";"0,22";"0,22";"0,22";"0,21";"0,16";"0,17";"0,15";"0,17";"0,19";"0,18";"0,20";"0,19";"0,21";"0,22";"0,20";"0,16";"0,15";"0,15";"0,13";"0,12";"0,12";"0,13";"0,12";"0,15";"0,14";"0,18";"0,17";"0,18";"0,15";"0,16";"0,16";"0,17";"0,22";"0,20";"0,18";"0,18";"0,20";"0,20";"0,20";"0,21";"0,22";"0,23";"0,23";"0,25";"0,28";"0,28";"0,28";"0,27";"0,26";"0,26";"0,27";"0,25";"0,27";"0,28";"0,26";"0,29";"0,29";"0,41";"0,48";"0,71";"0,72";"0,66";"0,71";"0,75";"0,68";"0,81";"0,70";"0,76";"0,75";"0,82";"0,92";"1,05";"0,97";"1,05";"1,12";"1,26";"1,28";"1,25";"1,27";"1,60";"1,68";"1,96";"1,99";"2,02";"2,23";"2,28";"2,40";"2,47";"2,52";"2,36";"2,55";"2,91";"3,15";"3,16";"3,10";"3,15";"3,25";"3,34";"3,24";"3,35";"3,36";"3,56";"3,58";"3,74";"3,72";"3,88";"3,91";"3,98";"3,95";"4,16";"4,31";"4,20";"4,25";"4,45";"4,27";"4,39";"4,38";"4,32";"4,30";"4,39";"4,51";"4,49";"4,51";"4,38";"4,37";"4,48";"4,63";"4,73";"4,64";"4,63";"4,59";"4,01";"4,20";"4,30";"4,20";"4,40";"4,51";"4,40";"4,41";"4,40";"4,64";"4,63";"4,71";"5,02";"5,01";"5,09";"5,01";"5,06";"5,10";"5,13";"5,17";"5,24";"5,08";"5,23";"5,20";"5,14";"5,08";"5,14";"5,24";"5,26";"5,23";"5,22";"5,16";"5,12";"5,01";"4,96";"4,90";"4,87";"4,78";"4,69";"4,63";"4,64";"4,58";"4,68";"4,70";"4,74";"4,82";"4,83";"4,71";"4,79";"4,79";"4,79";"4,68";"4,68";"4,69";"4,71";"4,71";"4,75";"4,71";"4,75";"4,76";"4,66";"4,68";"4,63";"4,67";"4,50";"4,40";"4,35";"4,44";"4,46";"4,39";"4,28";"4,18";"4,06";"3,88";"3,82";"3,73";"3,75";"3,66";"3,54";"3,35";"3,33";"3,34";"3,55";"3,30";"3,25";"3,25";"3,29";"3,25";"3,32";"3,30";"3,21";"3,05";"3,10";"3,12";"3,03";"3,01";"3,09";"3,01";"2,89";"2,71";"2,80";"2,85";"2,75";"2,61";"2,61";"2,59";"2,61";"2,49";"2,61";"2,56";"2,60";"2,54";"2,55";"2,55";"2,49";"2,59";"2,60";"2,65";"2,66";"2,64";"2,62";"2,64";"2,73";"2,73";"2,74";"2,68";"2,66";"2,66";"2,67";"2,60";"2,48";"2,44";"2,42";"2,40";"2,39";"2,38";"2,34";"2,32";"2,29";"2,31";"2,33";"2,29";"2,30";"2,40";"2,38";"2,36";"2,38";"2,40";"2,39";"2,36";"2,35";"2,35";"2,33";"2,29";"2,29";"2,35";"2,44";"2,42";"2,64";"2,59";"2,55";"2,54";"2,50";"2,67";"2,66";"2,65";"2,61";"2,61";"2,59";"2,58";"2,53";"2,52";"2,54";"2,58";"2,58";"2,62";"2,63";"2,60";"2,65";"2,68";"2,64";"2,73";"2,81";"2,99";"2,99";"2,97"
"Obligations à long terme à rendement réal";"0,41";"0,37";"0,26";"0,19";"0,15";"0,19";"0,17";"0,13";"0,08";"0,05";"0,13";"0,84";"0,57";"0,37";"0,38";"0,34";"0,38";"0,23";"0,25";"0,22";"0,09";"0,16";"0,15";"0,05";"0,00";"-0,07";"-0,09";"0,01";"-0,05";"-0,15";"-0,21";"-0,23";"-0,17";"-0,19";"-0,19";"-0,25";"-0,20";"-0,19";"-0,19";"-0,21";"-0,20";"-0,23";"-0,22";"-0,28";"-0,23";"-0,23";"-0,28";"-0,30";"-0,22";"-0,21";"-0,20";"-0,23";"-0,27";"-0,22";"-0,16";"-0,13";"-0,12";"-0,10";"-0,08";"-0,01";"0,20";"0,15";"0,13";"0,32";"0,15";"0,22";"0,24";"0,28";"0,34";"0,38";"0,34";"0,33";"0,32";"0,21";"0,20";"0,15";"0,13";"0,11";"0,11";"0,07";"0,12";"0,14";"0,02";"0,04";"0,15";"0,09";"0,15";"0,06";"0,04";"0,03";"0,05";"0,25";"0,21";"0,20";"0,20";"0,09";"0,30";"0,11";"0,11";"0,15";"-0,06";"-0,08";"-0,05";"-0,06";"-0,04";"0,04";"0,21";"0,33";"0,33";"0,36";"0,48";"0,54";"0,56";"0,26";"0,31";"0,49";"0,53";"0,58";"0,64";"0,77";"0,83";"0,91";"1,01";"1,14";"1,05";"1,05";"1,08";"1,25";"1,48";"1,51";"1,41";"1,41";"1,30";"1,27";"1,05";"0,97";"1,00";"1,16";"1,23";"1,24";"1,31";"1,29";"1,17";"1,26";"1,55";"1,63";"1,66";"1,39";"1,33";"1,37";"1,17";"1,12";"1,14";"0,87";"0,94";"1,05";"1,22";"1,11";"1,05";"1,00";"1,08";"1,06";"1,16";"1,31";"1,35";"1,36";"1,28";"1,13";"1,24";"1,34";"1,34";"1,35";"1,42";"1,31";"1,30";"1,37";"1,32";"1,47";"1,37";"1,48";"1,50";"1,47";"1,39";"1,55";"1,58";"1,53";"1,60";"1,74";"1,72";"1,90";"1,76";"1,73";"1,82";"1,84";"1,92";"2,11";"2,14";"1,93";"2,05";"2,13";"1,99";"1,76";"1,80";"1,71";"1,59";"1,40";"1,44";"1,26";"1,36";"1,44";"1,56";"1,75";"1,83";"1,63";"1,69";"1,71";"1,70";"1,66";"1,49";"1,58";"1,58";"1,51";"1,63";"1,68";"1,74";"1,83";"1,78";"1,66";"1,59";"1,62";"1,77";"1,47";"1,54";"1,43";"1,56";"1,65";"1,59";"1,50";"1,61";"1,44";"1,49";"1,39";"1,39";"1,48";"1,44";"1,45";"1,49";"1,55";"1,54";"1,63";"1,53";"1,65";"1,58";"1,56";"1,56";"1,65";"1,49";"1,39";"1,42";"1,46";"1,54";"1,51";"1,55";"1,61";"1,54";"1,45";"1,26";"1,48";"1,50";"1,33";"1,35";"1,47";"1,37";"1,49";"1,33";"1,60";"1,57";"1,72";"1,60";"1,59";"1,70";"1,81";"1,66";"1,61";"1,73";"1,73";"1,72";"1,73";"1,74";"1,92";"1,90";"1,80";"1,73";"1,76";"1,83";"1,84";"1,80";"1,62";"1,63";"1,71";"1,72";"1,76";"1,66";"1,61";"1,64";"1,65";"1,62";"1,73";"1,62";"1,72";"1,85";"1,89";"1,83";"1,87";"1,83";"1,80";"1,84";"1,84";"1,85";"1,75";"1,68";"1,66";"1,70";"1,87";"1,82";"1,83";"1,88";"1,83";"1,84";"1,86";"1,89";"1,83";"1,85";"1,87";"1,77";"1,73";"1,81";"1,77";"1,72";"1,71";"1,88";"1,87";"1,92";"1,91";"1,88";"1,98";"1,98";"1,94";"1,86";"1,87";"1,92";"1,93";".."

Légende des symboles :
..; indisponible pour une période de référence précise




Renvois:
1;"Les taux les plus représentatifs offerts par les principales banque à charte."
2;"À compter d'août 2023, la Banque du Canada ne publiera plus les taux des prêts à la consommation des banques à charte."
3;"Jusqu'à avril 1973, les taux sont des moyennes des taux affichés par les principales companies financières présentes sur le marché. De juillet 1966 à mars 1973, il s'agit de moyennes pondérées par l'encours du papier de chacune des sociétés recensées; auparavant, les moyennes n'etaient pas pondérées. Entre mars 1973 et février 1979, les taux indiqués sont les meilleurs estimations, établies par la Banque du Canada, des taux pratiqués par les principales compagnies financières emprunteuses."
4;"À compter de janvier 2019, la Banque du Canada ne publiera plus les taux quotidiens, hebdomadaires et mensuels du papier commercial de premier choix et des acceptations bancaires. Les taux des acceptations bancaires à un mois et à trois mois, fondés sur les transactions, seront publiés, à des fins d’information seulement, dans le site de L’Organisme canadien de réglementation du commerce des valeurs mobilières (<a href="http://www.ocrcvm.ca/industry/marketmonitoringanalysis/Pages/BA-Rate.aspx">OCRCVM</a>) avec un décalage. Les <a href="https://www.banqueducanada.ca/taux/taux-dinteret/">données historiques sur ces taux</a> resteront accessibles dans le site Web de la Banque du Canada."
5;"La moyenne des taux acheteur et vendeur les plus représentatifs."
6;"Les taux sont une moyenne estimative pour la semaine se terminant à la date indiquée, calculée par la Banque du Canada, des taux auxquels les courtiers en valeur mobilières ont pu obtenir la plupart des avances à un jour nécessaires au financement de leurs stocks de titres à court terme. En sont exclus les prêts au jour le jour octroyés par les banques à charte et les prises en pension de la Banque du Canada."
7;"Les rendements sont ceux des titres libellés en dollars canadiens émis par le gouvernement. Les obligations d'épargne du Canada et les émissions à échéance prorogeable sont exclues du calcul. Cependant, certaines émissions à échéance prorogeable sont inclues avant 1975. Les rendements sont calculés à l'aide de la moyenne des cours acheteur et vendeur à la clôture le mercredi."



"Comment citer le produit : Statistique Canada. Tableau 10-10-0145-01  Statistiques du marché financier, données du mercredi, Banque du Canada"
https://www150.statcan.gc.ca/t1/tbl1/fr/tv.action?pid=1010014501